职位名称,薪资,技能要求,学历要求,工作经验,公司名称,城市,招聘负责人,福利,职位链接
游戏客户端开发-腾娱互动,12-24K·14薪,['UE4'],本科,3-5年,腾讯,深圳,李女士,餐补, 股票期权, 节日福利, 交通补助, 住房补贴, 免费早晚餐, 免费班车, 员工旅游, 带薪年假, 年终奖, 补充医疗保险, 包吃, 免费健身房, 定期体检, 零食下午茶, 五险一金, 公仔周边活动,https://www.zhipin.com/job_detail/942f17d5b627a7041HFz2Ny7FFdQ.html?securityId=rg9k_qpvr5JiM-n1YqU6aVFNWimFBdxKkODLnMKs1JoQoGFeELboCdpC2tSAk12EM13MJUrGpWorbrFcFoAgh78WVN_ImrXUNOiAWyfKyuY_LJOoYcVX
机器学习平台运维工程师（AIGC/大模型方向,35-55K·16薪,['Golang', 'Python/Shell', '运维开发经验', '机器学习系统', 'AI平台'],本科,3-5年,腾讯,深圳,杨女士,包吃, 补充医疗保险, 节日福利, 五险一金, 带薪年假, 交通补助, 定期体检, 公仔周边活动, 餐补, 住房补贴, 股票期权, 免费班车, 免费早晚餐, 年终奖, 员工旅游, 免费健身房, 零食下午茶,https://www.zhipin.com/job_detail/737a89f88442f7911HRz29i4ElBT.html?securityId=LQblWqvRTlXmH-V1y8aujDvCofpG-nQMtrCU3mG8B4wK0bXW_eLpm4m1D3otb4nwU8yH6pHvKMfAvTb31plyIlUx5xeDgAZtITP8TrREC7x1w6-sMfw~
QQ浏览器-RAG算法工程师,300-350元/天,['机器学习', '大模型算法', '强化学习', '深度学习', '自然语言处理算法', '搜索算法', 'C/C++', 'Python'],硕士,,腾讯,北京,卢先生,餐补, 定期体检, 交通补助, 包吃, 住房补贴, 五险一金, 股票期权, 年终奖, 免费早晚餐, 免费班车, 节日福利, 补充医疗保险, 员工旅游, 免费健身房, 零食下午茶, 带薪年假, 公仔周边活动,https://www.zhipin.com/job_detail/ea6dbef6bbe5e28403V62tm8EFZT.html?securityId=wNWRdclx-FaUf-z1x9IdXYNZHfMRoARaz3rdjLqOwSs4x_OvHo4gUhXGx1xVegrJbMgv70EfSmRKIDPLhbLLm9amasYLkiNLnXikVZdTL62e-kYw
微信视频号内容安全算法高级工程师(广州),65-95K·15薪,['深度学习', '风控算法', '算法工程化经验', '发表算法相关优秀论文'],本科,3-5年,腾讯,广州,罗先生,补充医疗保险, 定期体检, 员工旅游, 免费健身房, 包吃, 餐补, 带薪年假, 股票期权, 节日福利, 免费早晚餐, 住房补贴, 五险一金, 零食下午茶, 年终奖, 交通补助, 免费班车, 公仔周边活动,https://www.zhipin.com/job_detail/2c85d58d72cba85b03Z83Nq0EFtT.html?securityId=oV6qBpExwMx69-w11S0q4hZVDyVK_1q4OVS2fIW7uaGny09gHk5muWgUMhoNXSPbDHZ24RyNaBh3JND-bLqlcsRRkUyGGPI0OytQHPPyFK-eLRln08y3nllR8axrsVuAIgNEFtGQ1XiOsi1wXcxr37HF
微信搜索-搜索LLM算法工程师(北京),50-80K·15薪,['大模型算法', '强化学习', '搜索算法', 'Python', 'C/C++', 'Java'],本科,5-10年,腾讯,北京,郭先生,餐补, 公仔周边活动, 免费班车, 年终奖, 节日福利, 员工旅游, 五险一金, 住房补贴, 定期体检, 免费健身房, 交通补助, 补充医疗保险, 包吃, 带薪年假, 免费早晚餐, 零食下午茶, 股票期权,https://www.zhipin.com/job_detail/8d381860247e8abb03d63Nq0F1ZY.html?securityId=JF78z56ks6DFa-Q1cOXggGA4YHwUJcdwtYYpoXAiahLT4NQWT4Lu_ky8bDxqQWwCSCvGKPnO0syZ5to4qtUHPzoUYyuWb-Ehf2ZUYGm5UxpeEaCRN-W5
微信小店-推荐算法工程师(广州),30-60K·17薪,[],硕士,1-3年,腾讯,广州,郭先生,股票期权, 补充医疗保险, 免费班车, 定期体检, 住房补贴, 餐补, 节日福利, 带薪年假, 员工旅游, 免费健身房, 交通补助, 公仔周边活动, 零食下午茶, 免费早晚餐, 年终奖, 五险一金, 包吃,https://www.zhipin.com/job_detail/e1b6409eb161af4103Z63t29FlNV.html?securityId=6l6w_XZbzVPXU-z1jYDhrRPnOL6jW2BPZ2YagGkKWaHIPox6NjaNIKlWjOvKXlHKAyC4HYqwGPfbzcL6CXqnGUaD_2Rb8DrqAlaoDHU6ZDesZxNrvov5
TEG09-腾讯云CDN后台研发工程师 （云智）,14-24K·14薪,['C++', 'MySQL'],本科,3-5年,腾讯,长沙,刘女士,零食下午茶, 交通补助, 带薪年假, 包吃, 股票期权, 公仔周边活动, 节日福利, 五险一金, 免费早晚餐, 免费班车, 员工旅游, 年终奖, 定期体检, 补充医疗保险, 住房补贴, 餐补, 免费健身房,https://www.zhipin.com/job_detail/6f2f3a2d571bd9dd1HN83di7ElJZ.html?securityId=9PG2LkuWDqvjM-F1aYYwCyaMdwPei5ggbouVqQwKLYTSKTqqBROedzmfE6ESVYQuHPKzRGY2Eumby-de8IFO5vsEOSLZozMoTugszOrAH9Ct8M6qVCY~
腾讯广告-算法工程师-AI审核方向,40-65K·15薪,['大模型算法', '广告算法', 'Python'],硕士,3-5年,腾讯,北京,高先生,交通补助, 补充医疗保险, 免费健身房, 五险一金, 股票期权, 公仔周边活动, 免费班车, 免费早晚餐, 节日福利, 年终奖, 包吃, 零食下午茶, 餐补, 住房补贴, 定期体检, 带薪年假, 员工旅游,https://www.zhipin.com/job_detail/9ccc64d12136372903Z83ti1GVtT.html?securityId=3W5TSUknjFlmt-01j2yZ7NXctH_WZcM4Ac56tpzvQXTt3V4_NHoZv7Q3ZGLjbuqNuSmxr-_BIeNxXE3fhJMhxEgAtOM-G6B7YK8tCMKUk5txscxaDZ7-eLVRK8nsmWali2ogc7dGdiwShuDIqPeYR-W5
游戏系统策划-腾娱,12-20K·14薪,['RTS游戏', 'UGC', 'MOBA游戏', 'RPG游戏', '游戏商业化系统', 'Roblox', '商业分析', '活动设计'],本科,3-5年,腾讯,深圳,饶女士,零食下午茶, 节日福利, 年终奖, 股票期权, 餐补, 补充医疗保险, 带薪年假, 免费早晚餐, 免费健身房, 包吃, 免费班车, 五险一金, 交通补助, 员工旅游, 住房补贴, 定期体检, 公仔周边活动,https://www.zhipin.com/job_detail/d59bcb28e9bce80f03R60t-9ElRW.html?securityId=6ePpwZOLM3tLH-812Do6IO272wlmFZSu9_lYWElYR09UP5rIC30MXIZeHZk-WMvhu1DyqFWcXeiVgjPeOg96RVhixtkwOluefzaVtsSQ_nf7TKSBdUE~
技术美术-《洛克王国》腾娱,11-20K·14薪,['Houdini', 'Blender'],大专,3-5年,腾讯,武汉,陈女士,员工旅游, 包吃, 交通补助, 住房补贴, 零食下午茶, 公仔周边活动, 免费健身房, 股票期权, 定期体检, 年终奖, 五险一金, 带薪年假, 餐补, 免费早晚餐, 节日福利, 免费班车, 补充医疗保险,https://www.zhipin.com/job_detail/fb1ebcf67e040c5c03R72du1E1VW.html?securityId=2h2SWDGbzovzy-Z1BzLFbcDPMkVu_XsoBctFI7aNFCQ8dycKIYPP7ZDHlS3SEd5PMGmy4pY7zBozgmxNG6u4JeqpNzyBGjJzPQv3Zp2f3apOQ_C-ack4g3DJCIyeZEu8mnTY7ChGdj_gXKfzpFLmscQ~
游戏系统策划(腾娱),11-22K·14薪,['MOBA游戏', '竞技性游戏'],本科,1-3年,腾讯,深圳,陈女士,五险一金, 餐补, 节日福利, 免费班车, 股票期权, 免费健身房, 公仔周边活动, 带薪年假, 零食下午茶, 员工旅游, 年终奖, 交通补助, 住房补贴, 补充医疗保险, 定期体检, 包吃, 免费早晚餐,https://www.zhipin.com/job_detail/8657073138fa8b8303d-3t61F1RQ.html?securityId=jyLI61ygxbk99-p1_wTgmw_VrSYHcYErvA2_evxbo4V1N-SopTbd9J-R4FAvtyxnP-6G8zZdxCg73HFeHyoONIaXLPuxELLF9nxNRiso1UCVcJlWeDo~
《三角洲行动》海外宣发推广运营,25-45K·18薪,['文娱/游戏'],本科,3-5年,腾讯,深圳,魏先生,定期体检, 员工旅游, 补充医疗保险, 有无线网, 团建聚餐, 年终奖, 带薪年假, 免费班车, 公仔周边活动, 意外险, 节日福利, 五险一金, 交通补助, 免费健身房,https://www.zhipin.com/job_detail/2fa7619e600700071Hx52t2_FFdX.html?securityId=f9aAuVtEMXMJR-114Jg9lZqELUBF6eKfFb7Z-_FZquQnL_NB60g4UmwdZEUwOOKFwZdcC9ljFujpSHjJfY4xcv39GN6whDplC-4LifKoee_83g~~
【腾娱】3D动画-雪中悍刀行,12-22K·13薪,['3ds MAX', '带薪假期', '五险一金', '年终奖', '餐补', '周末双休', 'UE5'],大专,3-5年,腾讯,广州,何女士,股票期权, 免费早晚餐, 补充医疗保险, 免费班车, 住房补贴, 免费健身房, 包吃, 节日福利, 零食下午茶, 交通补助, 公仔周边活动, 员工旅游, 定期体检, 年终奖, 餐补, 五险一金, 带薪年假,https://www.zhipin.com/job_detail/37ddddd85aa45db303d-39-0F1FT.html?securityId=0enUu8k4nlTzZ-c1KUs7H7ivmX0qM5U31WFHxQ9v8kLiXlhY84roxeAJYPmHx6BMEEKF6prYW7F6vxUqr0Maqrp22zM_Lmz6HF1Myk0hEVMS3ffeGW0~
创新数据产品经理,20-40K·15薪,['需求分析', '产品设计', '用户研究', '数据分析', 'SQL', 'B端产品', 'TO B'],本科,1-3年,腾讯,深圳,戴女士,免费健身房, 免费早晚餐, 股票期权, 免费班车, 定期体检, 公仔周边活动, 包吃, 年终奖, 交通补助, 零食下午茶, 补充医疗保险, 餐补, 员工旅游, 住房补贴, 带薪年假, 五险一金, 节日福利,https://www.zhipin.com/job_detail/e2e91c53ae9c13ac03R83N60EFdW.html?securityId=HLnYgeX6230Fd-B1H1CdEKLoMVIz-f7Av6ykrT4kU3g1Ll1MDR4BAv09qxoHAMk0apgjDqgJZCUdLJkfZ-jlemKKiNiYPSBrhNoD8SdDZ_LyUxVWNBY~
《暗区突围》端游发行（媒介/渠道）(深圳),20-40K·15薪,['媒介/媒体资源方经验', '信息流投放经验', '游戏广告投放', '企业品牌方', '线下投放', '信息流投放', '线下投放经验'],本科,3-5年,腾讯,深圳,史女士,五险一金, 公仔周边活动, 住房补贴, 免费早晚餐, 免费班车, 股票期权, 补充医疗保险, 零食下午茶, 包吃, 定期体检, 免费健身房, 节日福利, 带薪年假, 交通补助, 员工旅游, 年终奖, 餐补,https://www.zhipin.com/job_detail/91ff1180bd59ce9103Z-3NS_FFRQ.html?securityId=ZqX42TGUld3xw-V1OpW3g4ba2wUmY_SuqIAS4xC8ILi0V8dQAakzT08YJriO05IO6ns3MzkWm67xcX-1t79kjVzlvyJNqxDTe2g8l-5rr9iVefs-K2A~
异构计算研发工程师-广告模型平台(北京),50-80K·16薪,['深度学习', '机器学习', '模型加速/性能优化', 'C/C++', '算法工程化经验'],本科,3-5年,腾讯,北京,江女士,包吃, 住房补贴, 免费早晚餐, 五险一金, 定期体检, 餐补, 交通补助, 股票期权, 零食下午茶, 免费班车, 年终奖, 免费健身房, 公仔周边活动, 带薪年假, 节日福利, 员工旅游, 补充医疗保险,https://www.zhipin.com/job_detail/0834745f195e77cf03R809i6FFRV.html?securityId=i0xLxCxFjm1i--X11CjGWihvqOQfV1w72HVlWKQP2bTK4Z3jrQCg3fFCfMd8jsa31U8OHNdum0_aoZeGaY_ckzuf4_5LcYCTrOVnGAHagai4IIDdIUB8
KF—智能运营经理（云智服）,11-20K,['业务数据分析', 'Python/R语言/SPSS', '统计/数学相关专业', '计算机相关专业', 'Tableau/Power BI', '数据分析/商业分析经验', 'SQL'],本科,3-5年,腾讯,重庆,许先生,员工旅游, 补充医疗保险, 定期体检, 带薪年假, 股票期权, 公仔周边活动, 住房补贴, 年终奖, 餐补, 免费早晚餐, 交通补助, 节日福利, 免费健身房, 五险一金, 零食下午茶, 免费班车, 包吃,https://www.zhipin.com/job_detail/841d8102d6ea98a903V83tS-F1pR.html?securityId=i2EmhMpYL49Q9-A1mhLQUO6efdeKJ2skIoBFI3tVWlcoioDwc05O6wJF8eFAQJ1OCBj9ousUHeW6qDLqVdgTlA7GIMU9Wgw9E3uIWXNrKUUq6O0McX0~
西安-腾讯云大数据基础产品后台开发-AI方向,14-24K·14薪,['Golang', 'Java', '大数据经验', 'MySQL', 'Spring'],本科,3-5年,腾讯,西安,苏女士,股票期权, 带薪年假, 定期体检, 公仔周边活动, 免费班车, 免费健身房, 五险一金, 餐补, 员工旅游, 免费早晚餐, 交通补助, 补充医疗保险, 节日福利, 零食下午茶, 包吃, 住房补贴, 年终奖,https://www.zhipin.com/job_detail/69c4fb0b02e70baf03Z_09W9E1VW.html?securityId=vFoWMnK2AjyWq-h17uCJsITphrwMJdoyJXPa4wkYOxFCohK1YrlSlNUhcqKY-tENIWtUTd7tu9mgCmoOmzxZw5eencjSrpHbaX2xJdh2vPyHFxS6dBc~
图数据库内核开发工程师（北上杭深）,50-80K·15薪,['C++', '分布式经验'],本科,5-10年,腾讯,北京,熊女士,免费健身房, 免费早晚餐, 零食下午茶, 年终奖, 包吃, 五险一金, 员工旅游, 股票期权, 餐补, 交通补助, 节日福利, 定期体检, 住房补贴, 免费班车, 补充医疗保险, 公仔周边活动, 带薪年假,https://www.zhipin.com/job_detail/90c222f02b2ee0a31HFz3ti_GFVT.html?securityId=zRioBVrMj36NO-a1joi_Wnk92dRPKSGum7By7AIMnsLXidpTtfnRNlZ5nthKZ2lh7K1_gSa8inVENgPQLwHu9ISBL9MOt7wWFzzDUErc27ixQmHbpwBf
腾讯云-协议开发,18-30K·14薪,['C++', 'MQTT'],本科,5-10年,腾讯,西安,王女士,定期体检, 年终奖, 五险一金, 补充医疗保险, 员工旅游, 餐补, 公仔周边活动, 免费早晚餐, 带薪年假, 包吃, 零食下午茶, 住房补贴, 节日福利, 交通补助, 股票期权, 免费班车, 免费健身房,https://www.zhipin.com/job_detail/43c4682cb37b802303Vy3NS1FVBX.html?securityId=PR8nBV5UGl_Z5-S1UcdZp45X7ZPm_tbYY1kCVTqy7JYAipWyMaNtRayz4yopzmzE-mTRtykcT_XAYB8yqa8mLpndDwSXDHs6ru9Hkr-BtS3hT7liu_aE
3d动画师-腾娱互动,11-19K·14薪,['Unity', 'Maya', '动作冒险'],大专,1-3年,腾讯,武汉,康女士,补充医疗保险, 五险一金, 股票期权, 员工旅游, 零食下午茶, 带薪年假, 年终奖, 免费健身房, 免费早晚餐, 餐补, 免费班车, 节日福利, 住房补贴, 定期体检, 公仔周边活动, 包吃, 交通补助,https://www.zhipin.com/job_detail/1b24fd6f7798859e1HB429S4ElBX.html?securityId=DhMjfkvJP9ESn-m1Y8PWghKNwl6amGfbspK2Cf8N5kofMe1Un3BJOz5WPvisnwM0YgHmOsYg_9wcDCEsFcqR_ZE_HYYjroBKsNQ67v-cs3O-Agae2xU~
腾讯深圳 高级golang后台开发工程师,35-65K·15薪,['Golang', 'MySQL', 'Golang服务端开发经验', '中大型项目开发经验', '系统架构设计经验', '后台开发/后端开发', '后台研发/后端研发', 'go', 'golang', '高并发'],本科,10年以上,腾讯,深圳,李女士,包吃, 定期体检, 节日福利, 公仔周边活动, 股票期权, 零食下午茶, 免费早晚餐, 五险一金, 交通补助, 年终奖, 免费健身房, 住房补贴, 补充医疗保险, 员工旅游, 餐补, 免费班车, 带薪年假,https://www.zhipin.com/job_detail/66f089b7e0cc13f103Z509u7EFFY.html?securityId=Yrg3SNQod13vV-c1p6B3ffsj8Fm5xHgKPS2P9a1sRECCZN2G0EobWaT8QU-VNtlPGh16rC1AUff68HBkxTGkmYw4PFsRCzObr6_SYUueqMgSwDcZDSU~
交互设计师,13-24K·14薪,['交互设计', '用户体验研究', '交互应用', '网页端', 'Figma', '数据分析', '大厂经验', '不接受居家办公', '云计算', '可用性测试'],本科,3-5年,腾讯,西安,黄女士,带薪年假, 交通补助, 五险一金, 定期体检, 餐补, 年终奖, 员工旅游, 免费班车, 零食下午茶, 免费早晚餐, 包吃, 住房补贴, 公仔周边活动, 股票期权, 节日福利, 补充医疗保险, 免费健身房,https://www.zhipin.com/job_detail/c5c2b86692e2d88f1HF83d26FlJW.html?securityId=corKBHS3kQOn--91so1SjRBCEnu8dZpe9fS62R_2zauVVSVXmvQfyWLPhS7wcog9MY-EL6SPSqA4QeDRYvyh-_Ab1MDNw0d9HuyI48x3aW63kQwVzas~
腾娱-UE特效-3A品质UE5动作游戏（深圳）,15-25K·14薪,['写实', '第一人称', '动作冒险', 'UE4', '五险', '五险一金'],大专,3-5年,腾讯,深圳,李女士,零食下午茶, 定期体检, 股票期权, 住房补贴, 免费班车, 免费早晚餐, 五险一金, 带薪年假, 交通补助, 员工旅游, 年终奖, 补充医疗保险, 免费健身房, 餐补, 包吃, 公仔周边活动, 节日福利,https://www.zhipin.com/job_detail/1337bf0126f8e65c03d809q4GVBX.html?securityId=yKwyrRbauq-YI-w1fZ30_JKFkRpFO2bvPFA3v7DepA1Qieu_XdyLDb0mIBJhNcLNOw9MLVS519QisEHJTOXHNDIHQsirw-OPidm2eMqUsOUmhpgeVP2f
数据集成运维工程师,25-40K·16薪,['kafka', 'pulsar', 'linux'],本科,3-5年,腾讯,深圳,江先生,交通补助, 公仔周边活动, 免费班车, 节日福利, 有无线网, 员工旅游, 意外险, 年终奖, 定期体检, 免费健身房, 补充医疗保险, 带薪年假, 团建聚餐, 五险一金,https://www.zhipin.com/job_detail/f37d98f2c496508803B52d-9EVBU.html?securityId=LCL7vopYbFeF--X1e57uEoCheUXsHzCcslsqIstP6Fhn0hYzBdg-iUJiakRaGrgniNeFrOBk-V1az-OTc0MmetmXfDxMh_hTS2JwJqOHdm3Dj5v9GeUVaifrZI1e0TXJd2wAEi-dQWkdYYj1
游戏GUI设计师-武汉（腾娱互动）,11-20K·14薪,['二次元'],大专,1-3年,腾讯,武汉,袁女士,定期体检, 免费早晚餐, 股票期权, 包吃, 公仔周边活动, 零食下午茶, 员工旅游, 带薪年假, 补充医疗保险, 餐补, 免费健身房, 交通补助, 五险一金, 免费班车, 住房补贴, 年终奖, 节日福利,https://www.zhipin.com/job_detail/ce9478defe5a4a7403R72t24EltZ.html?securityId=JRKlUfhLqRgQ4-71Zkd9XN5zaQEb-lOnmtkrMl7gLN-gEBQXj_09ItO5mMaV5S4Tl0nl8h_VEjgo9r8569_FP4UyesVHrvgoDBJhcuJKZRSM1nW22UM~
腾讯云-AI网络高级产品经理(深圳),30-60K·15薪,['B端产品', '云计算产品', '网络安全产品', 'AI产品', '网络产品'],本科,5-10年,腾讯,深圳,李女士,零食下午茶, 股票期权, 定期体检, 年终奖, 免费健身房, 公仔周边活动, 节日福利, 带薪年假, 五险一金, 员工旅游, 包吃, 交通补助, 免费早晚餐, 餐补, 住房补贴, 补充医疗保险, 免费班车,https://www.zhipin.com/job_detail/473d8dfdfd19e98b03d43t69GFdZ.html?securityId=XomNzMVnGZLPo-w13FAmyww5ja4WLt7W_agRgSl24xERK1KDDUArWC6YiKaWAUBg3mbcQEDZmQKyXHu1lvGh_cAx7JJXi8nP7cvBo39y10ZXu73idyQ~
腾讯云泛互联网解决方案架构师-深/广/杭,30-50K,['云计算架构'],本科,5-10年,腾讯,杭州,陈女士,免费健身房, 年终奖, 股票期权, 补充医疗保险, 住房补贴, 定期体检, 包吃, 公仔周边活动, 五险一金, 餐补, 员工旅游, 交通补助, 免费班车, 零食下午茶, 带薪年假, 免费早晚餐, 节日福利,https://www.zhipin.com/job_detail/d0825edcbb3e34e003d43dS8GFVZ.html?securityId=FnGvOcJhOoc69-F1ed72grksiQhAC3yJ406in-YpHjJ_aufyFoGRYWVQQVQNhvHPXAOBKqzxkjje_oupZPWAlDXkLiWTESiG1cTZHVuWko6-1h_jo2Nx
腾讯云-华北公有云售前架构师(北京),30-60K·15薪,['大数据架构', '平台架构', '云计算架构'],本科,5-10年,腾讯,北京,余女士,零食下午茶, 补充医疗保险, 定期体检, 年终奖, 包吃, 带薪年假, 餐补, 免费班车, 交通补助, 员工旅游, 五险一金, 公仔周边活动, 股票期权, 节日福利, 住房补贴, 免费健身房, 免费早晚餐,https://www.zhipin.com/job_detail/9b64e2b541726bf403V43N20E1NY.html?securityId=Blqf5dwFpG70q-Z118QuztFUMtdYZatRlDN4JwdXZA_LhyFEb5uNT8a19-XzG9KNPlt0NGeQWd2Ebeba7F1SE7XHD3MT_O8v1jsDBEwmwP_aYEOaPZc~
混元aigc算法研究员-3d生成,40-70K·16薪,['大模型算法', '多模态算法', '发表算法相关优秀论文', '参加算法相关竞赛/获奖', '3d生成'],硕士,经验不限,腾讯,北京,秦女士,五险一金, 带薪年假, 公仔周边活动, 零食下午茶, 年终奖, 免费健身房, 免费班车, 定期体检, 交通补助, 节日福利, 餐补, 免费早晚餐, 股票期权, 员工旅游, 补充医疗保险, 住房补贴, 包吃,https://www.zhipin.com/job_detail/3005a9f74c86dd6d1HNy09--EVNZ.html?securityId=GRmsWGb1GmQb--A1INALNTn443FvwPRZdpzmBPkj8PNCV0a7IBuDduGxaBwa9da5i9NvK4_DeEDl-TxUhdjg7jNUOiGp9_cC_WGRE8yQEoxWjjndPfiW
腾讯云网络高级后台开发工程师,25-50K,['Golang', 'C', '分布式经验', 'MySQL', 'Redis', '架构设计经验', 'Linux开发/部署经验', 'Python'],本科,5-10年,腾讯,北京,孙女士,免费班车, 住房补贴, 免费早晚餐, 股票期权, 零食下午茶, 餐补, 员工旅游, 年终奖, 包吃, 五险一金, 带薪年假, 定期体检, 免费健身房, 补充医疗保险, 公仔周边活动, 交通补助, 节日福利,https://www.zhipin.com/job_detail/75719cf175795eae1HJy39-4F1NZ.html?securityId=dUGP4UNIVJ13N-N1vHdUh6soDctE5BQDZ6iqLYjgzgY6WvZQ6MaG3zrTG1KppEqbqrZfD_emjo-OonPqPEv95Sb73sTrA2AY0zBh9TECSPc1rinp4Q~~
云计算AI平台开发工程师-西安（云智）,14-22K·14薪,['C++', '高性能'],本科,3-5年,腾讯,西安,范女士,员工旅游, 带薪年假, 住房补贴, 免费班车, 零食下午茶, 节日福利, 免费健身房, 五险一金, 交通补助, 年终奖, 股票期权, 包吃, 公仔周边活动, 免费早晚餐, 定期体检, 餐补, 补充医疗保险,https://www.zhipin.com/job_detail/35f1dc6d116cfa1003Z93t26FVBZ.html?securityId=dH9fALZqbaA0U-D1xALMoPbo5PI8kzRVT8AgCwpdZJKwQdX8fI9skkCM6BOIzOKoaWmMBsPYVZbY7dZjRJaDJng9LgGXGQJnJ_142hSvg9X_eeh2vYU_qLomRkE-XIO6n5sbU3YHIYa1K1YrcT7vN2U~
腾讯云数据库高级工程师,25-50K·16薪,['MySQL', 'MySQL数据库管理经验'],本科,5-10年,腾讯,深圳,张先生,节日福利, 包吃, 零食下午茶, 定期体检, 免费早晚餐, 带薪年假, 五险一金, 免费班车, 交通补助, 住房补贴, 免费健身房, 员工旅游, 餐补, 年终奖, 股票期权, 补充医疗保险, 公仔周边活动,https://www.zhipin.com/job_detail/3c9948a369d1362b1XFz09u0FFFV.html?securityId=zz6ysCr4L7NmK-O196SCPbR0-gtiDVqe4T5ne6ZAgoXLNkIWsybkNnMRiE3UAJ6DDXTInN99mhvt-6fWFhySnE51c819-cSA1sKeJAB-eV8UzIEDG_9x
云网络高级后台研发工程师（北上深）,40-70K·16薪,['C', 'C++', 'Golang', 'nfv', 'quic', 'dpdk'],本科,经验不限,腾讯,北京,黄女士,节日福利, 年终奖, 交通补助, 零食下午茶, 定期体检, 餐补, 公仔周边活动, 包吃, 五险一金, 带薪年假, 员工旅游, 免费班车, 免费早晚餐, 补充医疗保险, 股票期权, 住房补贴, 免费健身房,https://www.zhipin.com/job_detail/4c87296bcdbcc05c1H1609m6GVBZ.html?securityId=QyLzB3u4cVbl6-y145znUl4JcU1uztj5FBUy6SFirVH6ei-imBc2BAijSDXWy7_QRzcb3zP5TdG3MUI4gkr4w9sNbFWpylxSB5oAOAS19t7TQuhim6Vg
运维工程师,15-30K·14薪,['Golang', '实施交付运维', '系统运维', '运维开发/DevOps', 'Python/Shell', '运维经验'],本科,3-5年,腾讯,武汉,李先生,定期体检, 零食下午茶, 节日福利, 员工旅游, 住房补贴, 五险一金, 交通补助, 补充医疗保险, 免费早晚餐, 带薪年假, 包吃, 免费健身房, 公仔周边活动, 股票期权, 餐补, 年终奖, 免费班车,https://www.zhipin.com/job_detail/fa398d1d80e69b2e1HN60tu6ElpV.html?securityId=YJunetLBtRSMX-p1HDZOl_JvImWpvSQvvbQfYoI5zRB79AFSdJlGDKsdPmuOZchkabtuy0BRiqbGQfMrz16CP_vfEoS6MwRgAM9nCWh08TOQmcCrUW4~
游戏研发项目管理,13-20K·14薪,[],本科,3-5年,腾讯,武汉,许先生,有无线网, 节日福利, 定期体检, 公仔周边活动, 交通补助, 带薪年假, 免费健身房, 免费班车, 团建聚餐, 员工旅游, 年终奖, 补充医疗保险, 意外险, 五险一金,https://www.zhipin.com/job_detail/cafa0d8ffeb938c003V409W7GFdX.html?securityId=AqvqxYtFeBkxs-X1c_SKq4erimcOTf3Tn3zOv6XGbfo4i3l-hW1JVKLd_Ld8pvuvOGBONtdwNHgmVAJz7_WO-7bcNoNzqfTNjntzFysmrq-EUi17lQ_89XlEAjeXVNjwy3E4rVn8anG_Ee-J
腾讯云BI-大模型算法工程师,60-90K·15薪,['LLaMA', 'spark', 'hadoop', '机器学习', '深度学习'],本科,5-10年,腾讯,深圳,赖先生,五险一金, 带薪年假, 定期体检, 公仔周边活动, 股票期权, 年终奖, 免费健身房, 免费班车, 餐补, 零食下午茶, 补充医疗保险, 节日福利, 包吃, 免费早晚餐, 员工旅游, 交通补助, 住房补贴,https://www.zhipin.com/job_detail/0e9d8d019dfabe141HR809y5F1FX.html?securityId=EdSm4PIEEyUJ1-u1-vAHaSIhsUOTLV_ppKHLRXoi4ZrrDkbcH6PmhUGmBeMbAHovbRd0mpR6vIzeXFGCVwx2Oxwdijoq1z-FkXTpB1EncjRZHUXps4Ih
《王者万象棋》-资深UI动效,25-50K·16薪,['有UI设计经验/技能', '甲方公司', '五险一金', '周末双休', '现场办公', '5年以上UI设计经验', '动效设计经验', '交互设计经验', '游戏行业经验'],学历不限,5-10年,腾讯,成都,邱女士,住房补贴, 定期体检, 交通补助, 免费班车, 节日福利, 股票期权, 零食下午茶, 补充医疗保险, 包吃, 带薪年假, 餐补, 员工旅游, 五险一金, 免费早晚餐, 公仔周边活动, 免费健身房, 年终奖,https://www.zhipin.com/job_detail/efb0159c65b31e4a03d_3925GFdQ.html?securityId=EyoYPkiEUl3uy-O1RIQKoibLzsqYlSJnpSsXyQkpAP7_i36K9ZDJSyvERduIiKGf9X9GEalN6taUmH6XZiGTsnM7sYus9YWMDjS0sdP_CWm-5LqnsCI~
腾讯云网络产品经理,40-70K·16薪,['B端产品', '云计算', '腾讯云'],本科,5-10年,腾讯,深圳,Y先生,年终奖, 补充医疗保险, 交通补助, 带薪年假, 股票期权, 五险一金, 节日福利, 免费班车, 定期体检, 餐补, 住房补贴, 零食下午茶, 免费早晚餐, 免费健身房, 员工旅游, 公仔周边活动, 包吃,https://www.zhipin.com/job_detail/3f262831b844000f1Xx429u9GVpY.html?securityId=aLuqAFHvUDYpX-v1RGu7c5DoQDIMpvR_2sBLxNT04DSe6MQeSg_QQP9EUvi5fCRY0fZvFdFQamuwcNhCd_KYvBW5bog8FolByHbfZ0uufyOxBuFUiywF
混元大模型精调算法工程师-RAG方向,30-60K·15薪,['大模型算法', 'RAG'],硕士,3-5年,腾讯,深圳,王女士,免费早晚餐, 员工旅游, 零食下午茶, 年终奖, 股票期权, 餐补, 带薪年假, 免费班车, 五险一金, 交通补助, 公仔周边活动, 节日福利, 定期体检, 住房补贴, 补充医疗保险, 包吃, 免费健身房,https://www.zhipin.com/job_detail/63e1a4a9b626c1631H1_2tu-EVFY.html?securityId=J22K8wcIJSDoa-41zzJ3oXp9XC52RF3f-rUySdFr8NNsmvKzOH9x4g4SDyWjAXDAvefftHQu_CEKN3ddI5_8mdpnkjONuypqFEQH1CRvbFF0-Fl7TluY
腾讯投资分析实习生（理工方向）,450-500元/天,['接受实习/在校生投递', '全栈无侧重', '计算机相关专业', '全栈项目经验'],本科,,腾讯,上海,雷女士,股票期权, 免费健身房, 免费班车, 包吃, 住房补贴, 免费早晚餐, 节日福利, 补充医疗保险, 餐补, 公仔周边活动, 定期体检, 零食下午茶, 员工旅游, 五险一金, 交通补助, 年终奖, 带薪年假,https://www.zhipin.com/job_detail/e19bfa04a7c81ac903V43dW4ElZV.html?securityId=VrIcHTIU_Tv80-K1GXgWHvaYWhUi7nRHY7kZmVaIpU_odU6VaQAjpI5_t3OUAlMG1WF9Cq23BpIe1ARWziTEGfUak93wiW4bJOXW5bRzPvDnPXZ2mMwUMYVLs3jXIcKfBkR_jzFmIqpVUr6FMLbfaL90
[C++,golang]后台开发工程师,30-60K,['C++', 'Java', 'Golang', 'C', 'MySQL', 'Redis', '微服务经验', '分布式经验'],本科,3-5年,腾讯,深圳,马先生,补充医疗保险, 节日福利, 免费班车, 有无线网, 意外险, 免费健身房, 年终奖, 交通补助, 员工旅游, 五险一金, 带薪年假, 公仔周边活动, 团建聚餐, 定期体检,https://www.zhipin.com/job_detail/d3620584048e249903F83Ni6FlRX.html?securityId=C60KlgdIImVp8-b1A3OYOMCUJUPtzcGj09b4pwlla7Yvlk2FWigvb6RIi2QqMycV2CT4Wlxac1Z34eIPlg3Z2tf1zKkpAuEPyyrXYGEcnaj0jh2A6zhOAimbfIE2nHNCJL4FBcyujjIW-4jf4w~~
移动web前端,20-40K·16薪,['前端开发', 'JavaScript', 'HTML5', 'Vue', 'Node.js', '计算机/软件工程相关专业', '前端开发经验'],本科,1-3年,腾讯,深圳,邵先生,住房补贴, 餐补, 免费早晚餐, 带薪年假, 股票期权, 公仔周边活动, 节日福利, 免费班车, 定期体检, 五险一金, 年终奖, 包吃, 补充医疗保险, 零食下午茶, 免费健身房, 员工旅游, 交通补助,https://www.zhipin.com/job_detail/06cf35033c3fa8ea3nB63tW1F1A~.html?securityId=0d9o9V1zDU4el-M1gpDYFlJhNSZSmuyx_-CEdkz4Z2nAR9ZjtoKEVOAUnDNMOTHYWhF2FUsAx3jz-LKrupxcZnezllRfk9stf9jlqjyLt8Eh0t6IteM~
iOS,35-45K·16薪,['IOS', '移动端', 'Objective-C'],学历不限,经验不限,腾讯,北京,赵先生,定期体检, 团建聚餐, 员工旅游, 股票期权, 带薪年假, 公仔周边活动, 补充医疗保险, 交通补助, Q 米, 免费班车, 包吃, 零食下午茶, 免费早晚餐, 通讯补贴, 住房补贴, 节日福利, 年终奖, 餐补, 免费健身房, 五险一金,https://www.zhipin.com/job_detail/3e7ee3ca17d042c41nx939-8FVFU.html?securityId=WoKZl3nyu3ga5-k1IRC5v6X7FA0xai_PCj1dx8E3H9EMcXMjAuMDWVSiKK0vZocadQ5c0Ugrcr1SK4N8kwBGf0jPUDcNQuULuYk-sG0FKiXoFqNWUp8~
威胁情报安全分析工程师(武汉),15-25K·14薪,['NDR', 'EDR', '威胁情报', '样本分析'],本科,3-5年,腾讯,武汉,石女士,包吃, 交通补助, 免费健身房, 免费早晚餐, 年终奖, 定期体检, 带薪年假, 公仔周边活动, 零食下午茶, 节日福利, 免费班车, 补充医疗保险, 餐补, 住房补贴, 五险一金, 员工旅游, 股票期权,https://www.zhipin.com/job_detail/c096b7d24fd11d3203V_0t68E1pZ.html?securityId=jyLQO4EisRax_-t155A_3tWvKXYjm89zwp32HuS8ksGGx-u7j0SN0eZDdzwPtTHPOzykyMqzOvtlp3ZRWBVLtvjhaF6ZnW6PfXAXZS1Yb8pXE1LmFIvfjHYK2Wx83sA2zzfLoChWXEP2As5UjtawmqM~
微信小店后台开发工程师-交易基础(广州),25-50K·16薪,['C++', 'Linux开发/部署经验'],本科,1-3年,腾讯,广州,高女士,免费早晚餐, 住房补贴, 零食下午茶, 补充医疗保险, 餐补, 免费班车, 节日福利, 五险一金, 定期体检, 员工旅游, 带薪年假, 免费健身房, 公仔周边活动, 包吃, 交通补助, 股票期权, 年终奖,https://www.zhipin.com/job_detail/7bc22d74be706c7e1H1_3dy0EFtZ.html?securityId=NoFPBQ9vaJPgj-31oF2ul3SdSCZVoixdhUG7axxAn6zEutA9U7K1b3Q1P2PBdbzDFCSXZ1hKgM4F4iztIU8qqK3g2IveR6B9F6V-Txa5-BXPe8yHwhYl
运营开发工程师,15-30K,['Golang', '计算机相关专业', '中大型项目开发经验', 'Python'],本科,3-5年,腾讯,成都,王先生,交通补助, 带薪年假, 员工旅游, 股票期权, 年终奖, 补充医疗保险, 住房补贴, 包吃, 免费早晚餐, 零食下午茶, 免费班车, 五险一金, 公仔周边活动, 定期体检, 免费健身房, 节日福利, 餐补,https://www.zhipin.com/job_detail/32c7f65d698febe11Hx_39m8EltX.html?securityId=bUk1JB75YlDbs-X1W2ZpQDNt8nPHWY17KhDwE_nXvnxmDOHKrJ3HzbwPTyuOmdBUdayzNqbS7Khd4TCJcllzrQEvVesi3DcViGzBD0GTgKxqkQavoYI~
技术产品经理,20-30K·16薪,['B端产品', '中后台产品', '云计算产品', 'ERP产品/软件产品', 'AI产品'],本科,3-5年,腾讯,武汉,潘先生,餐补, 股票期权, 带薪年假, 五险一金, 定期体检, 年终奖, 节日福利, 员工旅游, 补充医疗保险, 公仔周边活动, 包吃, 免费健身房, 住房补贴, 交通补助, 免费班车, 零食下午茶, 免费早晚餐,https://www.zhipin.com/job_detail/31e1e889097107ce1Hd40t61GVZQ.html?securityId=vG46tHfDmaabA-01WomM7qc0vkFo5mOKYbnZuRbqyHAlNTFeuWGLNC3yZle88iqhK_vF5axO1214aqcnS2Yvt0FrkTpEkpuk4GAJUxaMShpVjLALWjc~
SLG手游服务器开发,25-50K,['Java', 'C++'],本科,经验不限,腾讯,上海,游先生,免费早晚餐, 公仔周边活动, 股票期权, 节日福利, 交通补助, 免费班车, 住房补贴, 零食下午茶, 定期体检, 五险一金, 员工旅游, 带薪年假, 免费健身房, 包吃, 年终奖, 餐补, 补充医疗保险,https://www.zhipin.com/job_detail/f6638a8b185bf41e1XR_3N27FFtY.html?securityId=DSs7jEdj51s5V-r1yyMyXCuHAdjPPhyfwhCtKeukdsbZg9i7lBc3unjeFizzorNA_ufSg0OBw7huH5qHYKVKqo9xAp9HioigpjOCsOWiLtHMXkyID9A~
数据合规高级法律顾问,50-75K·15薪,['红圈所工作经验'],本科,5-10年,腾讯,深圳,陈先生,定期体检, 住房补贴, 餐补, 交通补助, 免费早晚餐, 带薪年假, 节日福利, 员工旅游, 免费健身房, 公仔周边活动, 补充医疗保险, 免费班车, 五险一金, 股票期权, 年终奖, 包吃, 零食下午茶,https://www.zhipin.com/job_detail/f4c8f425abefa75103V709W5FVtY.html?securityId=VXn5jzlxFT08Q-U1DcmysRSjAuue0zzXFh9DDlNcubpRnBFcQB6iijGHnOyQ5XZ-EhJShTjWaE0vPZslkQnuOyAmd9E-D_iX8p9r4v8lPvczSBG2MPs4EA4UG_yZqvXWAeW2BPat6xVOOgNJQPuXEsY~
云后台软件开发,25-50K·16薪,['RDMA', '用户态协议栈', 'C', 'Linux', '快设备驱动', 'Nvme', 'Virtio', '虚拟机技术', 'Linux开发/部署经验'],本科,5-10年,腾讯,上海,王先生,股票期权, 员工旅游, 零食下午茶, 补充医疗保险, 公仔周边活动, 免费健身房, 免费班车, 年终奖, 带薪年假, 餐补, 免费早晚餐, 五险一金, 住房补贴, 包吃, 节日福利, 交通补助, 定期体检,https://www.zhipin.com/job_detail/e7d0daf5b61e7c611nJ73NS5GVdT.html?securityId=MV6h_gqvRY4GK-D1to3VnRbjez2DF6iS4ELI9Lkxcr8qYd71F3nCRTg9BVesE_bTPDh36M1Tn1fTwNX--E_TDNkC8zQjouCiHIPtK4v3Owa9TZgfraw~
腾讯云-售后技术支持专家,30-35K·15薪,['SRE'],本科,5-10年,腾讯,深圳,何先生,年终奖, 定期体检, 免费健身房, 意外险, 交通补助, 补充医疗保险, 有无线网, 节日福利, 团建聚餐, 免费班车, 员工旅游, 公仔周边活动, 五险一金, 带薪年假,https://www.zhipin.com/job_detail/f625afc11164c0ef03F729S6GFNS.html?securityId=-sFLqM-bZ06OF-J1Rf3m1KVnR38h5y1THGt9-pK2DBlqSWuGtDjXoh9ARhCmO-1DIHyxvegJq1kEKn_H1jPRW7SmYmEAIfQB_KsvsKt7QDck
3D场景-《代号：CFH》（腾娱互动）,12-19K·14薪,[],大专,3-5年,腾讯,成都,包女士,餐补, 交通补助, 零食下午茶, 带薪年假, 免费早晚餐, 免费班车, 住房补贴, 年终奖, 免费健身房, 定期体检, 员工旅游, 包吃, 五险一金, 节日福利, 公仔周边活动, 股票期权, 补充医疗保险,https://www.zhipin.com/job_detail/b219ad674bfa65ae03Z-3d2_EldV.html?securityId=RGRby6p66PE6a-S1rQWuBla4Vuyg_xZkNoR99E6vnFIdQ6Zkj_swRtrYl4RpowdgMz-xVwQptxxqjlhE0mLK-YQpSQgwG8SQNZ0TjEvgLKvVSWF0k5t8bvRlQgEETAwv3WtI7jRzNY0Efaq7E4nEpYmW
团队运营管培生,6-8K,[],本科,在校/应届,腾讯,绵阳,张女士,住房补贴, 补充医疗保险, 节日福利, 交通补助, 零食下午茶, 五险一金, 免费健身房, 餐补, 年终奖, 股票期权, 包吃, 带薪年假, 员工旅游, 免费早晚餐, 免费班车, 公仔周边活动, 定期体检,https://www.zhipin.com/job_detail/02c5feba7cd5a8f31Hx429i-ElFV.html?securityId=P7_PA5dNeBLtW-y18maEpSg3OybPSK1GMHUJ38Up6Oah_cbENQk9PD-B9bjoVTnEWlUG6rtOMO108vvAC0BJl10L-Z_dsn44-5xuJQOonIylYk5RnUFB
后台开发工程师(深圳),35-60K,[],本科,5-10年,腾讯,深圳,袁先生,节日福利, 补充医疗保险, 定期体检, 五险一金, 股票期权, 免费健身房, 餐补, 带薪年假, 免费班车, 公仔周边活动, 包吃, 年终奖, 住房补贴, 零食下午茶, 员工旅游, 交通补助, 免费早晚餐,https://www.zhipin.com/job_detail/2642b8ad2c3686e603Z83dS7GFRW.html?securityId=mYz58x9vEHgL3-q1X8gxYAtHERHOFYcsFl_Cc5MDOmrvE3WYFkGIXnKlahLvlDBPX6ugGPWgVxrXTYZqIFwaUEag6ZRDO-MJtHvo4xzG5Nh_9640fGg~
安全技术支持工程师（云智-武汉）,11-22K·14薪,['安全', '安全售前', '数据安全管理经验', '攻防对抗经验', '安全运营', '项目交付', '技术运营'],本科,3-5年,腾讯,武汉,何女士,餐补, 补充医疗保险, 住房补贴, 年终奖, 股票期权, 零食下午茶, 带薪年假, 公仔周边活动, 免费健身房, 免费班车, 包吃, 员工旅游, 交通补助, 免费早晚餐, 定期体检, 五险一金, 节日福利,https://www.zhipin.com/job_detail/7910efeac63b33a403Z639i0EFFU.html?securityId=M2LJJaolloew4-E1dAwnt1zY1n3OR5Fdj3pScozNgP3i2ForHxJRG1Uz3BQUnj6idlCyVMnamt3mPO4U0geGhGo54VWZOcDJCgWlhQL-nKGDk-iwFSA~
研发效能技术架构师（深圳/北京）,30-50K·16薪,['devops', '研发效能'],本科,3-5年,腾讯,深圳,李先生,员工旅游, 补充医疗保险, 五险一金, 年终奖, 包吃, 免费班车, 餐补, 零食下午茶, 公仔周边活动, 节日福利, 免费早晚餐, 带薪年假, 定期体检, 住房补贴, 交通补助, 免费健身房, 股票期权,https://www.zhipin.com/job_detail/89e714a6c219588f1HF52dq5E1pW.html?securityId=5rB09hgivTZhZ-D1hQ1_DZSa0DBJKAxAQOLLjnAmoHAyNHUSPbwfXcMXfbDIXw7jnrzjoRmwhiw0YHrjwsOqNzVrVBZZ6juLYc7uyQ0ZT1rKcpOY7Q~~
腾讯互娱市场与用户研究经理,15-25K·14薪,['用户研究', '市场研究', '游戏研究', '营销研究'],硕士,3-5年,腾讯,深圳,徐女士,免费班车, 公仔周边活动, 年终奖, 带薪年假, 节日福利, 交通补助, 团建聚餐, 定期体检, 免费健身房, 有无线网, 意外险, 员工旅游, 补充医疗保险, 五险一金,https://www.zhipin.com/job_detail/2f887c7cbdaf9a711Hd939m5EFFY.html?securityId=dQ9KQQR34wlAl-g19hPtksuF6zcADNH7JvuIj8IAo5HLfi-J6WjTsKN1g6Bg7QMrSxVkb_AVxsSbCEgDULDMEM0D7gcWcm2G_8zHfbzSdoIUiw~~
逆向工程师（深圳）,35-55K·16薪,['逆向工程师'],本科,3-5年,腾讯,深圳,朱先生,住房补贴, 补充医疗保险, 股票期权, 免费班车, 带薪年假, 年终奖, 交通补助, 零食下午茶, 公仔周边活动, 免费早晚餐, 员工旅游, 包吃, 五险一金, 定期体检, 餐补, 节日福利, 免费健身房,https://www.zhipin.com/job_detail/f75cbae9967924a51HBy3dW1E1dY.html?securityId=GcBwMaCnxi753-519FjEjHm3w2EjBRLYANKm2NifjmYgR0NyeGszH35MfVPfoj7faZHzdq2CJz0SaVrR0dI7kpeEPiz93zq7NDamFQCpGrDwyoVglbY6
web前端开发工程师,15-30K,['前端开发', 'JavaScript', 'React', 'Web端', 'Vue'],本科,1-3年,腾讯,深圳,刘先生,公仔周边活动, 年终奖, 团建聚餐, 有无线网, 补充医疗保险, 免费班车, 交通补助, 意外险, 免费健身房, 五险一金, 员工旅游, 节日福利, 定期体检, 带薪年假,https://www.zhipin.com/job_detail/a62d23858199d6fe1nd42tu-FVBR.html?securityId=y1RE9mZP8ZboG-21N_lyNxiHwMvk4YawfC4Gd2isBprdStDAZQHVh0OXJyohw_GUMtzQIDeqFtc0xrvvsv1qmrNw8oHOEDmjjUMDqz2yOr7T
产品经理,150-200元/天,['C端产品', '用户产品', '初级产品经理'],本科,,腾讯,北京,杨女士,年终奖, 补充医疗保险, 交通补助, 五险一金, 免费班车, 员工旅游, 意外险, 公仔周边活动, 免费健身房, 有无线网, 带薪年假, 定期体检, 节日福利, 团建聚餐,https://www.zhipin.com/job_detail/3396734087dc543f1HR43N-1FVpT.html?securityId=sWzg1ATvaCQ65-911PnNp9xmxsbIsO2KmyXNkxrsBA6CTZjziAOZqgb7BLuqDKfwMEOsvljkK_Reyihbtzs2v_37uEJzjgXuJLgr7tDjfPtwWqEPnbTnYmywagUnPwfhT5bs6FtZrbHBY8UQhA~~
高级商业分析师-云计算/AI方向,30-60K·15薪,[],本科,1-3年,腾讯,深圳,林先生,五险一金, 补充医疗保险, 免费早晚餐, 员工旅游, 免费健身房, 包吃, 年终奖, 免费班车, 餐补, 定期体检, 股票期权, 公仔周边活动, 住房补贴, 零食下午茶, 节日福利, 交通补助, 带薪年假,https://www.zhipin.com/job_detail/83e3099c2f25110203d92Ny8FlBX.html?securityId=HixCrvqHr0clh-B1zPKvTX5lqV0uIEQ-1wvKxefY-ZpVTfxZOJj0ZrJvyMAcgIwYZ3hMvidR6GGhH-Ot0fpatqyiVeLyy3hsNYypgxPydJ4HmT1Pw2v8
广告产品经理,20-40K·16薪,['B端产品'],本科,3-5年,腾讯,深圳,王先生,五险一金, 年终奖, Q 米, 零食下午茶, 包吃, 免费健身房, 免费班车, 公仔周边活动, 带薪年假, 补充医疗保险, 团建聚餐, 餐补, 交通补助, 股票期权, 通讯补贴, 员工旅游, 节日福利, 免费早晚餐, 住房补贴, 定期体检,https://www.zhipin.com/job_detail/e4f2c5023dc945291HZ73dS_GFBY.html?securityId=KSaMsxT6ed0qX-P1dX0_49hH80uBjiHNXRH2cRdNbZHiz-PFzGysj96Ea8aECH1PpbJ9dQyo1ZVjjiJ93BO17UU6olElmy1O11nAVS9F4F1ezOKDFCQ~
golang高级开发工程师(云智),12-24K·14薪,['Golang', 'Golang服务端开发经验', '系统架构设计经验'],本科,经验不限,腾讯,长沙,程女士,五险一金, 公仔周边活动, 定期体检, 免费班车, 年终奖, 股票期权, 零食下午茶, 带薪年假, 补充医疗保险, 交通补助, 包吃, 免费早晚餐, 住房补贴, 节日福利, 餐补, 免费健身房, 员工旅游,https://www.zhipin.com/job_detail/2a6654f3ae0c00881HFz2N68FldT.html?securityId=SyLl7CyqyHJyS-01714cWNO2CXRHRpDWS4bZTm6hSeWmsJaardgMgEB5H0BdnVndqpHxk7GAQO6HFsHHtsWrDV1Qz02h6ArrGhv4cKreNtxd1PacoDU~
二次元项目-资深特效设计,30-60K·15薪,['二次元', '动作冒险', '模拟经营'],学历不限,经验不限,腾讯,广州,李女士,带薪年假, 定期体检, 股票期权, 免费健身房, 补充医疗保险, 住房补贴, 节日福利, 公仔周边活动, 零食下午茶, 包吃, 员工旅游, 免费早晚餐, 五险一金, 交通补助, 免费班车, 年终奖, 餐补,https://www.zhipin.com/job_detail/ad66831bebf6fe801H192Ny4EFVQ.html?securityId=omjzGcNx3R9Gb-g1eUOmk703sNsq57FASOHfJ7Idw6unxJew1128S8mlTeZcVi4siLb7RwvAtAz3TVad1odaW1VSlFGfHYq9BqLbK3fFzpszkGaWihs~
微信搜索-排序算法工程师(北京),30-50K·17薪,[],本科,1-3年,腾讯,北京,孙女士,带薪年假, 免费班车, 员工旅游, 定期体检, 免费健身房, 免费早晚餐, 节日福利, 股票期权, 补充医疗保险, 包吃, 零食下午茶, 交通补助, 五险一金, 年终奖, 公仔周边活动, 住房补贴, 餐补,https://www.zhipin.com/job_detail/73e237a33a41d66203Vz2NW5GFFY.html?securityId=PuiWcn3Pe5lWq-X1_qmswMtd-4JzXv3OIDz77vcdDR5j5pyHsijNpJxiKtqM2YpfB8ofpDBKoAjmNprCYa5ZWl-fQbMCCnQebrIMzJWRevXSLKxYOyfM
游戏运维工程师（腾娱互动）,11-18K·14薪,['网络运维'],本科,1-3年,腾讯,武汉,王女士,住房补贴, 零食下午茶, 定期体检, 交通补助, 年终奖, 公仔周边活动, 带薪年假, 补充医疗保险, 餐补, 免费健身房, 包吃, 员工旅游, 节日福利, 五险一金, 免费班车, 免费早晚餐, 股票期权,https://www.zhipin.com/job_detail/6a276f8f6016701803V_0ty-F1JV.html?securityId=MByZldIlDsCwH-u1kI2jVPUFTHPgn5YtnZEbZ37xlAo1nleBHmtmw8X0bs9mRC5ajBH8ITWEx7lVnHub_6jzmXIJAgKCDwnUpf-DDbOJ3JtB0WacgPTf
CA技术支持工程师,8-9K,['计算机/通信相关专业', '售前技术支持经验'],本科,3-5年,腾讯,呼和浩特,李先生,五险一金, 定期体检, 有无线网, 员工旅游, 公仔周边活动, 年终奖, 交通补助, 意外险, 免费班车, 节日福利, 补充医疗保险, 带薪年假, 免费健身房, 团建聚餐,https://www.zhipin.com/job_detail/98e14b231b3f80a71HB72dW6GVtU.html?securityId=cup5CZPVt0Z2r-d1iUApBh5QADLGqAAwInOzg7rfZKdLZoaohiEQQYzXOMFfF7BmZCv6GPDImCDrbbG2pqikzQv7A5EF3hVUcMFqW3j7rkx-
王者世界测试工程师（美术向）—腾讯子公司,15-30K·14薪,['美术QA'],本科,3-5年,腾讯,上海,刘先生,餐补, 免费健身房, 年终奖, 股票期权, 补充医疗保险, 免费班车, 员工旅游, 包吃, 住房补贴, 带薪年假, 节日福利, 免费早晚餐, 定期体检, 公仔周边活动, 交通补助, 五险一金, 零食下午茶,https://www.zhipin.com/job_detail/1dcccd41ed40f1521HJ609W-FVBT.html?securityId=-o8ikZApxLF89-q1ssgPJXf7DweYpQN7ZFN9UEJDpN07wfdf8GhwKFvma_TCnp3pjkROlDwt-ruTQdwMq_k0Ftz-TksOoEDmXb25j244OF2k9hTS2eg~
云服务器产品经理（本地、混合场景）,25-40K·14薪,['产品设计', '云计算产品', '市场调研', '需求分析', '产品规划', 'TO B', '云计算'],本科,3-5年,腾讯,深圳,贾先生,五险一金, 年终奖, 补充医疗保险, 节日福利, 免费早晚餐, 员工旅游, 餐补, 定期体检, 带薪年假, 零食下午茶, 住房补贴, 免费班车, 公仔周边活动, 包吃, 交通补助, 股票期权, 免费健身房,https://www.zhipin.com/job_detail/8201d11d5a1bbf671nZ70ti6ElZW.html?securityId=Ehxuj6CFQgrv2-_1kZgEkLoaGbKnOZZz-dcEqZOTTJnv1xrLMPd5x8vi1nMdZXCRfKznAIuG7DQi7-D33lEVp6m6dXiSwiMDKCK_-_RJ_WZuhUTQgPo~
共有云-泛互行业解决方案架构师-北/深/广,30-60K·15薪,['云计算架构'],本科,3-5年,腾讯,深圳,廖女士,补充医疗保险, 员工旅游, 五险一金, 股票期权, 节日福利, 交通补助, 零食下午茶, 免费早晚餐, 年终奖, 免费班车, 包吃, 免费健身房, 住房补贴, 带薪年假, 餐补, 定期体检, 公仔周边活动,https://www.zhipin.com/job_detail/5cd89e6580026b8d03d-29q6GVNX.html?securityId=IOSqL9grzYJ3k-O1pkn73zUVlwpT7Z3gJeeMpCm8HAkhYYhZHP6oWM-ISobbojMmjhBxGlnTQtMs5UcNF3hfOs2cBkr_ljQ_b9sBJAMtikZuRWXMPld7
音视频开发工程师,20-30K·16薪,['音视频开发经验', 'C++', 'C', '音视频编解码', 'FFmpeg', '音视频/流媒体开发'],本科,1-3年,腾讯,上海,许先生,股票期权, 补充医疗保险, 包吃, 免费班车, 五险一金, 餐补, 住房补贴, 免费健身房, 定期体检, 带薪年假, 交通补助, 年终奖, 员工旅游, 零食下午茶, 公仔周边活动, 免费早晚餐, 节日福利,https://www.zhipin.com/job_detail/942160ccb17c62a11HJz09m1GFJQ.html?securityId=-vyRJ7oGTLy6k-y1aVpYXA80E2UlYl3dNJkugRK5OaTEYhh3aV3clmtx5ZxEYQd8Lwc2PnwfNNveKihdOvoTyuKK9uVOTzF2RUoEViayQB6koV7yk4Y~
云存储高级研发工程师(深圳),35-60K·13薪,['C++', '分布式经验', '存储'],本科,经验不限,腾讯,深圳,肖女士,零食下午茶, 免费健身房, 定期体检, 免费班车, 住房补贴, 交通补助, 节日福利, 股票期权, 员工旅游, 免费早晚餐, 带薪年假, 公仔周边活动, 年终奖, 补充医疗保险, 餐补, 五险一金, 包吃,https://www.zhipin.com/job_detail/74055145e0ae268203Z909q6EldZ.html?securityId=6sm3_lqJBXl7g-F1EPPtpvU8qGPzfxtWFFNQHXiHAUrHJfVC7UAthD59wgQjR0Jn3I7xx8nEETUz83MeV7UYINUxv9DAniye4vgvwOe1Is2mhPy6k0UV
系统策划（海外SLG方向）,15-30K·14薪,[],本科,经验不限,腾讯,深圳,卢先生,免费健身房, 团建聚餐, 带薪年假, 定期体检, 免费班车, 补充医疗保险, 年终奖, 节日福利, 意外险, 五险一金, 交通补助, 有无线网, 公仔周边活动, 员工旅游,https://www.zhipin.com/job_detail/e827f89cd4f0cd4203d-2Nm8FVVT.html?securityId=XZqxRvuEY2KcY-71GVSG5cGFmg4uwp-L-QeX3LSAiaGprE642P38RIpqq1oZ2qozFZF2BPLPetBmM00D7o1hXk6tqIUIgrjpAuD4WRXtUxBPdA~~
解决方案架构师,40-60K·16薪,['iPaaS', 'IDaaS', '企业架构', '售前', '数字化', '中间件', 'aPaaS'],本科,5-10年,腾讯,上海,罗先生,五险一金, 意外险, 定期体检, 节日福利, 团建聚餐, 带薪年假, 公仔周边活动, 免费班车, 有无线网, 年终奖, 员工旅游, 补充医疗保险, 交通补助, 免费健身房,https://www.zhipin.com/job_detail/62be9160f4346d5c1nx43Nm7E1dT.html?securityId=wvK4tmm5pYtgN-41LllBDJUgIQOlrgIxUjuQLqNN70iAwQ76Q5j8V8NqMwmx0wp-cTefSudRK8ijzMd52IcRWrMYKPlh5uBQEuQx7mTL7FJr
高级云计算架构师,30-50K·14薪,['大数据架构', '云计算架构', '平台架构'],本科,5-10年,腾讯,深圳,严女士,带薪年假, 零食下午茶, 年终奖, 补充医疗保险, 节日福利, 餐补, 定期体检, 免费班车, 免费健身房, 免费早晚餐, 公仔周边活动, 五险一金, 员工旅游, 交通补助, 住房补贴, 包吃, 股票期权,https://www.zhipin.com/job_detail/e8409552b3e0527f03d92tm0EVRZ.html?securityId=9r-Ch7Vr2v0vb-A1nQ6Uo0GTBxjRLvFffhSivVw3TtemdCSk21kyWWfiOOW8Pwi_Qqzothfq4PQIdGZtLsFc9qiH4_y_4e4uegaZFkAcWmDnE6FMhwGM
腾讯视频编解码高级/专家工程师(深圳/上海),20-40K,['视频'],本科,5-10年,腾讯,深圳,潘先生,免费班车, 零食下午茶, 公仔周边活动, 餐补, 交通补助, 包吃, 定期体检, 节日福利, 免费早晚餐, 补充医疗保险, 股票期权, 五险一金, 住房补贴, 带薪年假, 年终奖, 免费健身房, 员工旅游,https://www.zhipin.com/job_detail/5bf0931537466d371X182t65EFFU.html?securityId=PMFUnL5IOpGT2-p1-nQ-qTBo872QOtrTe-EfYg8pF5vsF4tbmUf0xTfcofB_1WOoyJflDfH4G2sb0NbmJGpaJfY6h7-j_OdJHiIiYI2KQHDh3wnYnrjd
微信web前端开发高级工程师（深圳）,25-45K,['JavaScript', 'Vue', 'React'],本科,3-5年,腾讯,深圳,余先生,团建聚餐, 意外险, 免费班车, 有无线网, 年终奖, 公仔周边活动, 员工旅游, 交通补助, 节日福利, 五险一金, 定期体检, 免费健身房, 补充医疗保险, 带薪年假,https://www.zhipin.com/job_detail/ddb1ff400705ef4b1HZy2tm-EVNR.html?securityId=C2cKqyrZG0nGF-31er6R-lCCAWdMaO5C8q25KDYZ-rZBV2XfCdbM5wdquARf6RG5MoBdUEOKsKZg9KZVD5xi9dr_d87Hem0guIlhXiwgxNIgjiZvlD2JJfdTB0j0Jd2qIQSFMO70MCc6Krt3-w~~
元宝-ai产品经理(基础体验方向),30-60K·15薪,[],本科,3-5年,腾讯,深圳,陈女士,员工旅游, 五险一金, 零食下午茶, 带薪年假, 公仔周边活动, 免费早晚餐, 节日福利, 交通补助, 免费班车, 补充医疗保险, 包吃, 住房补贴, 股票期权, 餐补, 年终奖, 免费健身房, 定期体检,https://www.zhipin.com/job_detail/fb6297d07cede3ff03dz39q8E1RV.html?securityId=8E-3-CTelyfv--h1XWZB1_6qj5hLLDCKw1EkkinTlFkfy3k-3CXaZMyt_dqQ1fC5q6bkHDsnHG-0EQpPxXOai6Y5Hdm4_y1V91I2kItynejIGPUiMWXb
SDN/NFV高级研发工程师（武汉）,25-50K·14薪,['Python', 'Java', 'C', 'Nginx', 'MySQL', 'Redis', '负载均衡技术'],本科,经验不限,腾讯,武汉,兰先生,住房补贴, 股票期权, 定期体检, 零食下午茶, 餐补, 包吃, 员工旅游, 带薪年假, 公仔周边活动, 交通补助, 年终奖, 免费健身房, 五险一金, 免费班车, 免费早晚餐, 节日福利, 补充医疗保险,https://www.zhipin.com/job_detail/4b9f5a2b509ca6041Xx40t-6FVtQ.html?securityId=g2VfiLZGE6pqL-H12-Bn-soyzg-u4zGkASlVm6jFGpuYuAMRo8XYFXad9AC05mbg3oJDCNLF8Rt5kEGI6s2uAvaoSLTZEGk-OQ2Taa6h_jEtkMfeLv6P
高级游戏数据分析师,30-50K·15薪,[],硕士,5-10年,腾讯,深圳,郑女士,员工旅游, 免费班车, 免费早晚餐, 零食下午茶, 包吃, 年终奖, 股票期权, 公仔周边活动, 餐补, 补充医疗保险, 节日福利, 免费健身房, 五险一金, 定期体检, 住房补贴, 交通补助, 带薪年假,https://www.zhipin.com/job_detail/3188f2e5a6dfb13d03Z439-0F1VV.html?securityId=Y2JQ2O846NQ6W-w1zFoQ8tImOmXAbuYVn1LjhA0pSuzaGRqIJeTSopi6z9yg-xVndPGuwVFKOzTUTcrekIPWR-v4LUxCeUw-d8rzKj0IIywjGQZvqZxg
腾讯云-泛互/金融架构师(广州/深圳),45-65K·16薪,['云架构师'],本科,经验不限,腾讯,深圳,蔡先生,免费健身房, 定期体检, 零食下午茶, 包吃, 补充医疗保险, 住房补贴, 免费班车, 餐补, 股票期权, 五险一金, 带薪年假, 节日福利, 公仔周边活动, 免费早晚餐, 交通补助, 年终奖, 员工旅游,https://www.zhipin.com/job_detail/3ef77f4e1c368af61HN-2NS6GFFR.html?securityId=bb9dPhppTziB3-b1d1BlsEGuhZ8rs1prjHa1Vw35WCM0ZglfXnMA62T9r9BtH9xs23yzwRnZVb6XSVXig2CpAPLcfrpAXKR2j4hjb_mj8iNh33FsIxo~
MySQL DBA,20-30K,['Shell', 'DBA工作经验', '数据库工程交付经验', 'MySQL', 'Oracle', 'MySQL数据库管理经验', 'Python'],本科,5-10年,腾讯,上海,魏先生,五险一金, 年终奖, 包吃, 带薪年假, 免费早晚餐, 定期体检, 节日福利, 股票期权, 餐补, 公仔周边活动, 补充医疗保险, 住房补贴, 免费班车, 交通补助, 员工旅游, 免费健身房, 零食下午茶,https://www.zhipin.com/job_detail/345aa31638477b0603V42t6-EVZZ.html?securityId=i4z168PC6WBOM-71lgfbndYLJVUAbsHgn5NCSKnyz4LjzFkvVZmxIAkOIvWUHCeP1MY3YIHVIIlaV1Pp-UiEBsze35udL3rGZV1Vdu8MVx7Vpz9p0g~~
PC广告运营经理,30-60K·15薪,['商业化广告运营', '流量运营', 'PC端'],本科,3-5年,腾讯,深圳,马先生,五险一金, 交通补助, 餐补, 年终奖, 免费早晚餐, 定期体检, 员工旅游, 带薪年假, 免费健身房, 股票期权, 补充医疗保险, 节日福利, 住房补贴, 包吃, 公仔周边活动, 零食下午茶, 免费班车,https://www.zhipin.com/job_detail/469bf9493d3cdf951Hx_3tq7FlpZ.html?securityId=xPrxfUH7iJhNn-41MFjXR7hi9xozgJVtUbufIsvlRMSPfjzyuDi_C3Ct2J3CZXwabTmGP-ary3P4XPmVpIEBQ7tgtYh-4AlsiFhiUE8Y6w02KjjiEEk~
后端开发（25届毕业生）,8-9K,['Java', 'Spring', 'SpringCloud', 'Kafka', 'Dubbo', 'MySQL', 'Oracle', '不接受居家办公'],本科,在校/应届,腾讯,重庆,刘女士,五险一金, 餐补, 定期体检, 股票期权, 员工旅游, 住房补贴, 节日福利, 免费健身房, 公仔周边活动, 免费早晚餐, 零食下午茶, 补充医疗保险, 免费班车, 年终奖, 带薪年假, 交通补助, 包吃,https://www.zhipin.com/job_detail/24ba83b06cf9c8c003d42d--GVdS.html?securityId=_GjQWFvb3cCMk-F1Lev74zFqbG-c-jN9x8mytfAQNv24cmfwIeQWJnyPt0JoHI8YKp8b87xtJUuJcUDIuAbW2xmsWBiacd6FGNvOfY7zhQfHKFHY1U2r
云存储运维工程师,15-30K·16薪,['集群运维', '存储运维', 'Linux', 'Python', '分布式技术', 'ELK', 'GlusterFS', 'K8S'],本科,3-5年,腾讯,西安,金先生,节日福利, 公仔周边活动, 意外险, 有无线网, 免费班车, 五险一金, 年终奖, 定期体检, 带薪年假, 团建聚餐, 员工旅游, 补充医疗保险, 交通补助, 免费健身房,https://www.zhipin.com/job_detail/c98152826817a64d1nB5396-GFFZ.html?securityId=lJ2it5U7Ih0Ai-O10QxMt63DS-Ew47MSSDNFiPzErgYxjSujYw1Ahek3EJXFT4D7k8JV29ApKqI2rJDcozraliQBMTt6YVbScxNWZmaaYQjZ
动效设计师 王者荣耀,30-60K·15薪,[],本科,经验不限,腾讯,成都,李先生,股票期权, 交通补助, 定期体检, 补充医疗保险, 年终奖, 带薪年假, 免费早晚餐, 免费班车, 餐补, 零食下午茶, 五险一金, 包吃, 节日福利, 免费健身房, 员工旅游, 公仔周边活动, 住房补贴,https://www.zhipin.com/job_detail/beee40780999b29703Z_3t-5FlFR.html?securityId=Uzg2V7Czomeqb-Y1IHDbxhpeHXFy2OfU6ldkvVtT5_DB7VPoRIQKbYpWxJ9JnCzvaS8w7h7LILCjOaqbuJSPjVTD2M-bJkm-IXm7Gw5zSzL711L9nQg~
文件存储研发工程师,150-200元/天,['文件系统', '存储', '内核'],本科,,腾讯,武汉,陆先生,免费早晚餐, 带薪年假, 住房补贴, Q 米, 节日福利, 免费班车, 零食下午茶, 年终奖, 五险一金, 餐补, 包吃, 公仔周边活动, 交通补助, 股票期权, 免费健身房, 员工旅游, 补充医疗保险, 定期体检, 团建聚餐, 通讯补贴,https://www.zhipin.com/job_detail/2f59f0616e79996e03Zz2Ni6FFZU.html?securityId=LFgiIRfbTsrWC-11k7IMFaGAV1h0dbXEMnjQ4ijV9wsPPDWS8XywRJz7Dw8wNcKzE5n6Z0-lJVRIZtsN9P31rh9-J86Icki-2M43hELO8KkfU4PCa1k~
AI产品经理,50-80K·16薪,[],本科,5-10年,腾讯,深圳,李先生,公仔周边活动, 免费健身房, 有无线网, 员工旅游, 意外险, 交通补助, 带薪年假, 五险一金, 团建聚餐, 补充医疗保险, 定期体检, 节日福利, 免费班车, 年终奖,https://www.zhipin.com/job_detail/3401e996863a54ea03d72Ny6F1JR.html?securityId=0JUXVNkaZCsBa-S1gSsr3RhK3d4j9cPcwluo8GjPT5qVXjjU2MCTdvmCpEM3eLOFeDK8695FgGhIWqvgU7blEqjlNMQjy3RIGdf1tpHCQua4
系统技术工程师,14-25K·14薪,['虚拟机技术', 'Linux', 'KVM'],本科,3-5年,腾讯,西安,陈先生,补充医疗保险, 节日福利, 零食下午茶, 年终奖, 免费早晚餐, 员工旅游, 五险一金, 带薪年假, 公仔周边活动, 交通补助, 股票期权, 免费健身房, 住房补贴, 餐补, 包吃, 免费班车, 定期体检,https://www.zhipin.com/job_detail/2ce62e4c2ff2b49d1XV73NS1F1pW.html?securityId=NRb1cNNO8uNPK-21y4mQ6V7W2bSZ-S0L0BmCz53rYFwv_0MAw7jFjwiUUCxbZETMiKXA1du9Ju8QF597S7Y2LZgFjJYijMhbCx5CnhzDFXLXPP3qDdSl
信息安全运营专员（实习生）,70-100元/天,['内容审核', '图片审核', '文本审核', '视频审核', '接受实习/在校生投递'],大专,,腾讯,绵阳,蒋先生,带薪年假, 员工旅游, 年终奖, 定期体检, 公仔周边活动, 零食下午茶, 股票期权, 住房补贴, 免费早晚餐, 节日福利, 五险一金, 交通补助, 免费班车, 包吃, 补充医疗保险, 免费健身房, 餐补,https://www.zhipin.com/job_detail/a77b2f1c8713a37003V829u1GVFQ.html?securityId=j8Sbc0nyGKCEu-Q186ckwVyn3AFI0Q-85O-v4OO4p5v4Rb12y4nIPeeacy2VBP-hXAFg2F461m3jlxf9J54lxcmgRI2DjXdP0nHnZMW1zy1U2NS88Kb4RCj6MBb3l89BK3G86gOXLizN8GEUzKz_ffBF
游戏特效-腾娱,13-24K·14薪,['二次元'],学历不限,3-5年,腾讯,深圳,林先生,五险一金, 定期体检, 带薪年假, 住房补贴, 股票期权, 零食下午茶, 公仔周边活动, 年终奖, 餐补, 交通补助, 包吃, 节日福利, 员工旅游, 免费健身房, 免费班车, 补充医疗保险, 免费早晚餐,https://www.zhipin.com/job_detail/0e2c0a67499381c903Rz09y6F1JS.html?securityId=fR9JEZEfH14NX-M15mend1vlW8iAKrdzDESFbsAJh3ZWciXD25LMxFpJ3stG7h37Nax8_AnveGmsLiT4zM1DDxtNTGM_dpkxCL75jLIP2XGh2yBJ0iefIbPJ6NrWh_ZG4YqapKkwHz6PadsyQ4Bbt6_R
腾讯游戏游戏设备商务合作经理,20-40K·15薪,['商户合作', '渠道/机构客户开发（销售方向）', '用户拉新', '品牌合作（市场/PR方向）', '品牌合作（商务方向）', '互联网/科技'],本科,5-10年,腾讯,深圳,李先生,节日福利, 带薪年假, 员工旅游, 年终奖, 交通补助, 零食下午茶, 包吃, 免费健身房, 定期体检, 公仔周边活动, 补充医疗保险, 股票期权, 餐补, 住房补贴, 免费早晚餐, 五险一金, 免费班车,https://www.zhipin.com/job_detail/c7fa7f43a0a0131403d42d-9FlNZ.html?securityId=c5HNqJePiJK1--d1-XUKm06JNFz4CEGavkh0Dk25-AD91Xx7uSCBNU68CcVqO4C3ftGt3t6EF--4QdYhQ9A9ZDFKCUI4xzjCOKojP3DfveaF11tp7Dk~
智慧零售大客户销售经理/公有云销售,30-60K·24薪,['新客户开发', '客户关系维护', '软件/SaaS', '较多出差', '较多外勤', 'B端市场开发经验', '软件/信息化服务销售经验', '面销/陌拜经验', '业务开拓能力', '企业服务', '互联网/科技', '批发/零售', '公有云销售', '云产品销售', '零售行业', '零售行业云产品销售', '泛零售'],本科,3-5年,腾讯,深圳,黄先生,股票期权, 免费早晚餐, 五险一金, 定期体检, 零食下午茶, 住房补贴, 补充医疗保险, 节日福利, 交通补助, 包吃, 带薪年假, 免费健身房, 公仔周边活动, 餐补, 年终奖, 免费班车, 员工旅游,https://www.zhipin.com/job_detail/53f46da390dc93a103dz09W-GVpU.html?securityId=aE9qu6nrvWF2C-J1Eb7cxnQy4mqvv_LK_xcfPAowHGJU0XKYH8ov-BLLRtnsBSVsOn3DzwAy3tWKiPUo3K0UnL-7Z6SNLTW9QJR-0IaXqgZXyKrn9AmjE7-CijEmdoRmghh2BvEniX-i70alZBgnXa8~
腾讯云负载均衡高级研发工程师,30-50K·15薪,['Nginx', '分布式经验', 'MySQL', '云计算经验', '架构设计经验', 'SDN', 'Python', 'network'],本科,5-10年,腾讯,上海,黄先生,住房补贴, 交通补助, 年终奖, 股票期权, 餐补, 零食下午茶, 带薪年假, 补充医疗保险, 定期体检, 免费早晚餐, 节日福利, 免费健身房, 公仔周边活动, 五险一金, 包吃, 员工旅游, 免费班车,https://www.zhipin.com/job_detail/ed3f51a076293a8203Vz2N2_GFRW.html?securityId=LnL1DDiR9mU2o-p1HLy5SOii5zyyxQ3D4jkrju8gxlu5wpQNYGAmIJAxDWdIprijK7tyd_MHGON9YMUhBkrji-CPEpmEiFYZiItFEg-pnw10ZGgn4qI~
游戏2D场景设计师,11-22K·14薪,['日漫', '场景原画', '原画师'],大专,1-3年,腾讯,武汉,尹先生,年终奖, 员工旅游, 定期体检, 免费健身房, 节日福利, 团建聚餐, 补充医疗保险, 免费班车, 意外险, 交通补助, 有无线网, 五险一金, 带薪年假, 公仔周边活动,https://www.zhipin.com/job_detail/b55866899e970bcf1HRz0tm5FVRS.html?securityId=YKsplEsvtGZgT-Q1BsIq_7WJP0OsZt_0CvoXuIZAqxbcSRjG_ME7fzWV3eowNjZ61OD33WMjfUzCbFVWhO9TKbYMjz-WPfzCWGDQBacDOMMz
跨境汇款产品策划,20-40K,['C端产品', 'B端产品', '金融产品'],本科,3-5年,腾讯,深圳,戴先生,免费班车, 节日福利, 交通补助, 免费早晚餐, 股票期权, 员工旅游, 补充医疗保险, 餐补, 公仔周边活动, 定期体检, 包吃, 免费健身房, 带薪年假, 住房补贴, 零食下午茶, 五险一金, 年终奖,https://www.zhipin.com/job_detail/ac13faa7f72022821H1939q1F1tS.html?securityId=7PGGpFZcSPB7n-P1lPfQPWeTQfjt_SyEMpEgY30LtY1zJ3pq8B4vYh1koUzmgzPXhHkYwPp39D9OAT5ZUMjZoCF6I1DcXtrNt9FNLQiZDsLuPWQpNww~
产品经理,25-40K,['B端产品', 'C端产品', '中台/后台产品', '增长产品', '产品规划', 'AI产品', '产品设计'],本科,5-10年,腾讯,深圳,赵先生,补充医疗保险, 定期体检, 免费健身房, 员工旅游, 交通补助, 有无线网, 五险一金, 年终奖, 节日福利, 免费班车, 意外险, 公仔周边活动, 团建聚餐, 带薪年假,https://www.zhipin.com/job_detail/0d525cef80c66d8c1XR629m6F1JV.html?securityId=O8lGEIGW0HRQm-41n3kZDwTjM2GnKTdGOCcx5cu-wJDzSGyz0gaUY83u2aO1EhkaNL2RI6D6662BADXRsqkhUXMJ7jEM3TXP3sKI99ZUrFc~
中间件消息队列 Java 后台开发,20-35K·15薪,['JVM', 'Java', '团队管理经验', '不接受居家办公', '分布式经验', 'Kafka', 'Redis', 'Zookeeper', 'MySQL', 'Netty', 'MyBatis', '云计算经验', '架构设计经验'],本科,3-5年,腾讯,西安,金先生,节日福利, 交通补助, 免费班车, 公仔周边活动, 包吃, 定期体检, 住房补贴, 餐补, 员工旅游, 免费早晚餐, 年终奖, 零食下午茶, 免费健身房, 五险一金, 补充医疗保险, 带薪年假, 股票期权,https://www.zhipin.com/job_detail/0cf2a25b5922082c1H1_2dy5FVtQ.html?securityId=tcBUAeQpClKNN-V1U--v_evXxzc8lbHh0MxW0gjh1egdyy_wwkN5_hVf-j7ZWAdEzLYVj7l0zUOTUzqT7YDK9qyVlbC8PIo7HGRykHoBkB-q3mv_2dA~
3d游戏特效设计师,25-50K,['二次元', '五险一金', '周末双休'],大专,1-3年,腾讯,深圳,刘先生,补充医疗保险, 带薪年假, 节日福利, 免费班车, 免费健身房, 五险一金, 年终奖, 意外险, 有无线网, 定期体检, 团建聚餐, 交通补助, 员工旅游, 公仔周边活动,https://www.zhipin.com/job_detail/8b38c062f925ec0c03d90tS0GVdW.html?securityId=bN1S0vWXnXhb1-31yXaoKoDCLgVAoaNmI1zVxMu7rpqutNs78PvJN2VXp5mNdXuXgiLzoNYDxvw9ej8Qvi_hKXKPtURyJoZbzJQhNBJlvB90
产品经理,12-24K·14薪,['AI产品', '用户研究', '产品迭代', '项目管理', '产品规划', '需求分析', '产品设计'],本科,1-3年,腾讯,成都,李先生,带薪年假, 年终奖, 交通补助, 补充医疗保险, 公仔周边活动, 五险一金, 节日福利, 免费班车, 团建聚餐, 员工旅游, 定期体检, 意外险, 有无线网, 免费健身房,https://www.zhipin.com/job_detail/8c3182a87795f9051nV73dm-FVBR.html?securityId=-WwK8BowLnUXR-71p81ui9HAoME5PbZTuqMOzoHhBT-0bDU4gS9_qNfE_7bdw43o9BsSe-1C6xZo1LMDJZJRIjJ2GyWumGCY5FqA7Eetjc1j5w~~
UE大世界射击游戏客户端开发（子公司）,15-20K·14薪,['UE4', 'C/C++', 'UE4开发经验', 'UE', '剧情', 'Squencer', 'Unity'],本科,1-3年,腾讯,深圳,程先生,有无线网, 免费班车, 免费健身房, 意外险, 补充医疗保险, 交通补助, 公仔周边活动, 年终奖, 团建聚餐, 带薪年假, 节日福利, 五险一金, 员工旅游, 定期体检,https://www.zhipin.com/job_detail/ca91a20909d151c11HJ_2di7ElNX.html?securityId=TL2Rafe9Z1Uzj-v18mY7f0tCnoZlg3NBvoLqCpEsZbXMKvGIQ5tasmLpP_xIOjpdvNEoVHJHahkcK-NDC2VFFvlMEmO23jwt8eiK9OIktlEZgtqjSrwoodX-F-Vt35WFw3zNqkWjv6YL-HFTtQ~~
算法工程师,22-40K·18薪,['发表算法相关优秀论文', '搜索算法', '机器学习', '深度学习', '广告算法', '参加算法相关竞赛/获奖', '风控算法', '推荐算法', 'Python'],硕士,1年以内,腾讯,北京,张先生,免费早晚餐, 通讯补贴, 员工旅游, 免费班车, 免费健身房, 团建聚餐, 餐补, 五险一金, 零食下午茶, 股票期权, 包吃, 补充医疗保险, 公仔周边活动, 带薪年假, 交通补助, 年终奖, 节日福利, 定期体检, Q 米, 住房补贴,https://www.zhipin.com/job_detail/5cffa80fd352730703d_3NS4FlNU.html?securityId=Kj06A12wOqkGn-q1CE1bxxJK-qTLNorVkunmsmb2SwpxPxjpIZwkIRqU-Ko8fJ7PPQhL04D3-XZM0wP56lZamlUprkKUyLXh_BTiiE_CjFD8DMn8FF8j
UE5资深战斗系统开发-武汉,20-30K·14薪,[],本科,3-5年,腾讯,武汉,杨先生,有无线网, 节日福利, 免费班车, 带薪年假, 交通补助, 定期体检, 团建聚餐, 免费健身房, 公仔周边活动, 补充医疗保险, 意外险, 员工旅游, 五险一金, 年终奖,https://www.zhipin.com/job_detail/10a8f837b20a05aa03dy3929FlRV.html?securityId=JGBnJLTTCboKw-t1T83tA9r23oiT_JyRRItOsu3xwcXY3v935kgEm2gNKId8w6N6VPoI0DwPm1CuRL7zrIwRsgd_Rg4iBbDKovFLBlf8SIw1ZQ~~
运维工程师,11-20K·13薪,[],本科,1-3年,腾讯,深圳,王先生,员工旅游, 公仔周边活动, 免费班车, 年终奖, 补充医疗保险, 免费健身房, 节日福利, 五险一金, 定期体检, 意外险, 带薪年假, 有无线网, 团建聚餐, 交通补助,https://www.zhipin.com/job_detail/e8293bd78c5d999203F83Nu1F1BS.html?securityId=-ltOsdEaIXjLi-61oah2lm1MiuzsF0D8mkNIg-ePXEGpAOF9OUWnl6LZpHgp8tlZrZdp_LvFkJr2MkDHEM3A8zIKFBTtwVUmIkoyzj-w5IxudA~~
微信 Android 性能优化工程师,30-60K·14薪,['Java', 'C++', 'C', '学习能力强', '乐于钻研', '有技术热情'],本科,经验不限,腾讯,广州,郭先生,带薪年假, 住房补贴, 交通补助, 餐补, 公仔周边活动, 免费健身房, 员工旅游, 定期体检, 补充医疗保险, 五险一金, 节日福利, 包吃, 免费早晚餐, 零食下午茶, 股票期权, 年终奖, 免费班车,https://www.zhipin.com/job_detail/3aec4acf0112ac311Hx_0tm8EFNW.html?securityId=NklKxjNWPidzo--1hFUC8aK9jar7yVC60xMiZ9Ni-QiWIJp3QKuWi7tRzjlWaBv7L8G_KtM9ULrYIMGhyFZPNT_8rq_t8mV7mw9XPVNT3W9EXPAQnR3x
游戏动效设计师,15-20K·14薪,['界面设计', '动效设计', 'PS', 'AE', 'UE4', '三维设计', '平面设计', '动作冒险', '半写实', '客户端游戏', '欧美现代', '手机游戏', '格斗游戏', '第三人称'],大专,1-3年,腾讯,武汉,杨先生,免费班车, 定期体检, 有无线网, 团建聚餐, 补充医疗保险, 公仔周边活动, 免费健身房, 五险一金, 交通补助, 年终奖, 节日福利, 员工旅游, 带薪年假, 意外险,https://www.zhipin.com/job_detail/2f7792c57017eaf303Bz3dm9FltT.html?securityId=yh5gMnOr8L6lT-m1DpmQcrhKKeZwGnrDmoM1akwD0qYlRZXgQVo8aiJwzhDSwhK7764Ue943_e8jXk5u7B0tqoHgmfHB1Mh0-30m2q9dHRl6
大数据开发工程师---腾娱互动,15-20K,['要求有数仓开发经验', '接受无实时数仓经验', 'Scala', 'Python', 'SQL', 'Java', 'Doris', 'Spark', 'Hive', 'ETL开发经验', 'BI报表开发经验', '数据建模经验', '数据治理经验', '计算机相关专业', '非外包类'],本科,3-5年,腾讯,武汉,魏先生,带薪年假, 团建聚餐, 节日福利, 员工旅游, 五险一金, 免费健身房, 补充医疗保险, 年终奖, 定期体检, 意外险, 公仔周边活动, 免费班车, 交通补助, 有无线网,https://www.zhipin.com/job_detail/572c04e5b3d14cf81Hd80ti4FVtY.html?securityId=wE35zF2KBt6ke-T1ixiuXPVa6JnFGMMCS9kqzeQjPdhAx7nXbkdLO39oalkMcDaH5PErtHcIhyoRXWmKMNVAuiRz4ScaSmVoDbmpAGeztqYASw~~
腾讯云函数运维工程师,11-22K,['Python/Shell', 'MySQL/Oracle', 'Kubernetes', '计算机相关专业', '通信相关专业', '运维经验', '运维开发经验'],本科,3-5年,腾讯,西安,张先生,带薪年假, 节日福利, 五险一金, 交通补助, 补充医疗保险, 住房补贴, 定期体检, 餐补, 免费健身房, 包吃, 股票期权, 员工旅游, 年终奖, 免费班车, 零食下午茶, 公仔周边活动, 免费早晚餐,https://www.zhipin.com/job_detail/bb0692e54a2e7bb903Z929m9EVdX.html?securityId=Y0ZkLDqoVY8IH-s1KBugBlMGT1cF3N8BVK4Of50T4LY6yPOCLhDW0pJfdB-rB89z_w7qb17nSlJIei9pQ6pDnRuVfBcGUhKcNz_xn1m2I1dEULb7zcCP
游戏特效,20-30K,['五险一金', '带薪假期', '周末双休', '二次元'],本科,1-3年,腾讯,深圳,时先生,公仔周边活动, 交通补助, 补充医疗保险, 有无线网, 团建聚餐, 员工旅游, 年终奖, 节日福利, 定期体检, 免费班车, 意外险, 免费健身房, 五险一金, 带薪年假,https://www.zhipin.com/job_detail/98d41b15e9963a3e03By2tu9EVZZ.html?securityId=KqUs4Amm45NxG-z1P84901NCXy3ekEnlgSOFwEqAEGuM2Vh9cITkGqWsN7PN_2qgf5GuLKFZqldRju8oTvEby5SCQLOkFMRREh9ZnK3r_7191Q~~
腾讯云前端开发-2026届暑期实习生,200-250元/天,[],本科,,腾讯,武汉,刘先生,交通补助, 五险一金, 股票期权, 年终奖, 公仔周边活动, 包吃, 住房补贴, 零食下午茶, 补充医疗保险, 餐补, 免费健身房, 节日福利, 免费班车, 员工旅游, 定期体检, 带薪年假, 免费早晚餐,https://www.zhipin.com/job_detail/8f651227e0e09cb403d72d67FFdY.html?securityId=Ey_4G6iwnO7YF-z19EBdbi_ca15ewWNcGWvrX0pdrAl6H2bYxEKNZlhFjk76SVPOL1nKQOF4SpEFNb_6AM-drPQ-LWtI0f_jcgQeuTpNkuaKr3vR4-71NVKk86336IzEsAd5vx61XDTuMJi6eEd5lYg~
小店-产品策划(广州),20-40K,['推荐策略'],本科,3-5年,腾讯,深圳,窦先生,股票期权, 交通补助, 免费早晚餐, 节日福利, 免费班车, 带薪年假, 五险一金, 员工旅游, 补充医疗保险, 公仔周边活动, 餐补, 定期体检, 住房补贴, 零食下午茶, 包吃, 免费健身房, 年终奖,https://www.zhipin.com/job_detail/6473093c5e307f4c03Z52t-6FFFU.html?securityId=cQSv-seFSqw5s-D150qVeld8CwFpx6nsEjGAasRuh_5zpBao-l0drnAsZUi5218VyL3BUuxUxCSguJSsiwM6C0yd6lcmFoKQLkw1381x6gfjt2WYUbSr
腾讯会议-售前解决方案经理（深圳）,20-40K·16薪,[],本科,3-5年,腾讯,深圳,黄女士,住房补贴, 零食下午茶, 免费健身房, 定期体检, 包吃, 餐补, 年终奖, 公仔周边活动, 免费班车, 股票期权, 交通补助, 补充医疗保险, 节日福利, 员工旅游, 免费早晚餐, 五险一金, 带薪年假,https://www.zhipin.com/job_detail/77181728e7fefcba03Z72dq9EVdX.html?securityId=hLrGh4RNp5F3o-i1b8Dxij2IGta9XVOabn2yOshrJIihy4EWhaJLcnGh3rQ42raXzlTsU3MUHph-xtWYfa0B8JwFhXhsM-Hje09nZGFCNNSMMiB2hBU~
地图引擎/服务高级测试开发工程师,30-60K·14薪,['功能测试', '性能测试', '压力测试', 'Java', 'Python', 'C++', '计算机相关专业', '测试工作经验', '掌握软件测试理论和流程'],本科,3-5年,腾讯,北京,程先生,带薪年假, 包吃, 定期体检, 股票期权, 免费早晚餐, 公仔周边活动, 员工旅游, 免费班车, 住房补贴, 节日福利, 交通补助, 餐补, 零食下午茶, 年终奖, 补充医疗保险, 免费健身房, 五险一金,https://www.zhipin.com/job_detail/173e592bb9aec2141Hx73Ni8ElFZ.html?securityId=YU1cbFbqUavtA-A1o_MsnCS73WxPCzCUfJQj2-WYgqWit2YWUJwNEIIm8ym69okyrAdD_A65pzOaDwB8OH5R5l5ZZeDP9AiH_9x7COLcE2ViNIQkVR8~
腾讯会议前端Web开发工程师,20-40K·14薪,['WEB开发', 'React', '移动端', '小程序', '数据结构', '算法基础'],本科,经验不限,腾讯,广州,林先生,餐补, 补充医疗保险, 股票期权, 带薪年假, 住房补贴, 免费健身房, 五险一金, 免费早晚餐, 免费班车, 交通补助, 包吃, 公仔周边活动, 零食下午茶, 员工旅游, 年终奖, 节日福利, 定期体检,https://www.zhipin.com/job_detail/033ed7f1460e88061nJ_092_E1FZ.html?securityId=H9uFFUXD6FKt1-W1xy85lTPISCT4FyVzHpFn1v3u4H-zvjrJm3Y3Ai6ZMCf8vWdOjtF1IA8o3tAb72389sivwc6-0DD2AgSlqtrbFFucJc_nO68TKf0e
SDN网络高级研发工程师,30-50K·16薪,['虚拟化', 'Zookeeper', 'MySQL', '云计算经验', '云网络', 'OpenStack', 'Neutron', 'Python'],本科,5-10年,腾讯,深圳,谢先生,员工旅游, 免费健身房, 年终奖, 餐补, 股票期权, 带薪年假, 节日福利, 免费班车, 定期体检, 交通补助, 补充医疗保险, 五险一金, 免费早晚餐, 公仔周边活动, 零食下午茶, 包吃, 住房补贴,https://www.zhipin.com/job_detail/2054dc8d275414a703Vz3tW7EFNU.html?securityId=aB_sj7w9R3DjB-q1C97rFKzPhruEf8tPEwssfT-z-Msakpmj2ld-aLAjpoPjecyHoMBxmOFlazms38CjR-7vKsgDdkCVIqbh-12wWm6ZhgLWpl5M5g~~
搜索后台开发工程师,30-60K·15薪,['C++服务端开发经验', 'C++'],本科,5-10年,腾讯,北京,毕先生,包吃, 免费健身房, 免费班车, 团建聚餐, 定期体检, 交通补助, 五险一金, Q 米, 免费早晚餐, 零食下午茶, 公仔周边活动, 员工旅游, 节日福利, 餐补, 带薪年假, 通讯补贴, 股票期权, 补充医疗保险, 住房补贴, 年终奖,https://www.zhipin.com/job_detail/f23a7918c01a6a4003d529i0FVNX.html?securityId=0vvIREyH7KbYq-a1suuj9VVozdJeLCq7VoZ0sfuPNiemJJMWXbp3DvP7GQZ2mNsMOTB-6WM977Vci7HquHqoTZEIgPU4XUKlb1Wzn7qAZ1HaPbDEiEM~
存储Web前端开发工程(腾讯云云智-子公司),13-25K·14薪,['JavaScript', 'Vue'],本科,3-5年,腾讯,西安,许先生,免费健身房, 员工旅游, 节日福利, 免费班车, 补充医疗保险, 有无线网, 意外险, 带薪年假, 定期体检, 公仔周边活动, 五险一金, 交通补助, 年终奖, 团建聚餐,https://www.zhipin.com/job_detail/5a7ebc22863d34291Hx73dS4FFFT.html?securityId=l1spc3kT69N3B-I1IQZ6UJeVYT5ZygUDoSF1Sit6k3tdZhdm4wmxoyLWUHumLqL_kSXfvPNhP9oyNziean3j83R-dOy0gYaxk5QZM1WQaiSMkg~~
数据库DBA,20-40K,['Oracle', 'NoSQL', 'Redis', 'MongoDB', 'PostgreSQL', 'SQL', 'Python'],本科,3-5年,腾讯,西安,谢先生,零食下午茶, 带薪年假, 包吃, 住房补贴, 五险一金, 公仔周边活动, 交通补助, 定期体检, 餐补, 节日福利, 股票期权, 员工旅游, 免费早晚餐, 免费健身房, 免费班车, 年终奖, 补充医疗保险,https://www.zhipin.com/job_detail/610ba3fe437ccc8d1XR60969FldY.html?securityId=IgCVZXxORN041-C1PHmDN3POuCqXPDaSkVqx3g4qUaABQc0BFoBlUBPoICtNZ6VbZXgVnDDTnHPM6sqUYVHiLnOoGmw3O2K_aoJigUHesKqI9DqgUZIZ
公有云架构师,40-70K,['微服务架构', '音视频编解码', '容器技术', '流媒体技术', '大数据架构', '云计算架构', '平台架构', '网站架构'],本科,3-5年,腾讯,广州,郑先生,团建聚餐, 交通补助, 公仔周边活动, 有无线网, 节日福利, 免费健身房, 带薪年假, 补充医疗保险, 免费班车, 意外险, 定期体检, 员工旅游, 年终奖, 五险一金,https://www.zhipin.com/job_detail/80aab6e829a38d7703Z_0tm9EVRU.html?securityId=kTo5koSEmWLVK-51Gm6ErEHXM_E79LHjjaihBGQ2GbOApQ9p8ze8yznvme5F6UIAqc2HOvKG5HrwqoSYY5FFbBPed3_jvGdWJW4bfyt02J8Emw~~
对象存储高级研发工程师(深圳/成都),25-50K·15薪,['团队管理经验', '分布式经验', '数据库开发经验', '架构设计经验'],硕士,5-10年,腾讯,成都,张先生,定期体检, 交通补助, 公仔周边活动, 免费早晚餐, 五险一金, 股票期权, 员工旅游, 补充医疗保险, 餐补, 住房补贴, 免费班车, 节日福利, 年终奖, 零食下午茶, 带薪年假, 免费健身房, 包吃,https://www.zhipin.com/job_detail/d03b058edef2d83603dy39W1EVdV.html?securityId=byAkCaOwjJvbb-y1alY71ZjoQX72hM4VpzYK_INNMyKh-PAnDtoCD8fEGklkmJMZq1LozOMKjMnd1MAwlIJwOO0Q00w9q31yvks6QvU2s7lO_XUoGsD0
数据安全工程师,15-26K,['Golang', '数据安全', 'Java', '风险建模', 'MySQL', '计算机/信息安全相关专业', '行为分析', '内部风控', '数据挖掘', 'Python'],本科,经验不限,腾讯,武汉,任女士,包吃, 补充医疗保险, 公仔周边活动, 免费早晚餐, 交通补助, 股票期权, 员工旅游, 定期体检, 免费班车, 零食下午茶, 节日福利, 五险一金, 年终奖, 带薪年假, 餐补, 免费健身房, 住房补贴,https://www.zhipin.com/job_detail/956c157c57261bca03Rz3tu5FFVT.html?securityId=7rjlBAwZSfuJB-w1W52Y227F9YM0TjvSVDuenubZgmp8y4EwsXOX0qn0JpF2_t17rObbVy2XZAQZPFOeP6wCqZ6FE6Ov13mrChNKnv3MdZTR2xal-jCH
大数据交付架构师,60-90K,['数据仓库', 'Hadoop', 'Spark', 'ETL'],本科,5-10年,腾讯,深圳,廖先生,团建聚餐, 带薪年假, 免费班车, 意外险, 员工旅游, 定期体检, 补充医疗保险, 年终奖, 交通补助, 五险一金, 节日福利, 公仔周边活动, 有无线网, 免费健身房,https://www.zhipin.com/job_detail/79c5821a8ce2dfa60HV539y9ElM~.html?securityId=_ex9r7_AFl0XW-K1wZLrKbDj5snQ-1hIeWHG-TS2u_gUJz5HMTd8u-zYNxWlVQ2UHdWT2lpZugmfnUMkjMaebz-SylX1XqqqUt3ShTOxWs8~
腾讯云智云服务器产品经理,200-210元/天,['B端产品', '云计算产品'],本科,,腾讯,西安,周先生,交通补助, 定期体检, 免费健身房, 免费班车, 团建聚餐, 年终奖, 员工旅游, 有无线网, 补充医疗保险, 意外险, 节日福利, 带薪年假, 公仔周边活动, 五险一金,https://www.zhipin.com/job_detail/7b179c0f7c2020c303d-39i5F1dZ.html?securityId=4z52BANNEf901-d1IEL6AMqrptbpjH-frbAaiQzFOF0BltTuCXLcyGx3p93BNsqkAoH3KKII50GxP8Wx8Hv5v6nxj4JpyFbbQB7ei_iEhJcVfg~~
竞争合规律师(深圳),35-45K,['执业3年以上', '授薪制', '诉讼/非诉讼', '独立办案能力', '公司律师', '公检法工作经验'],本科,5-10年,腾讯,深圳,徐女士,免费早晚餐, 餐补, 定期体检, 补充医疗保险, 零食下午茶, 带薪年假, 包吃, 年终奖, 员工旅游, 免费班车, 交通补助, 节日福利, 住房补贴, 股票期权, 公仔周边活动, 免费健身房, 五险一金,https://www.zhipin.com/job_detail/7b3e02c7811753db03Z-09S8EFVU.html?securityId=aDDAOozK3CV9M-914udu4I8BHL2oj6AGzwrZt6959CQCC1Y_VmfVk6RADoLt-SmmJ7aDkM7JF2PHF7gAMsKvfdXE-NjGonGv6oZF-JSw1bZs4lBRKt8~
视频号-信息风控工程师,30-50K,['C/C++', 'Python', 'SQL', '计算机相关专业', '风控/安全策略经验', '机器学习算法/工程化经验', '自然语言处理经验', '深度学习经验'],本科,3-5年,腾讯,广州,邱先生,员工旅游, 带薪年假, 餐补, 年终奖, 免费健身房, 公仔周边活动, 免费早晚餐, 定期体检, 节日福利, 交通补助, 股票期权, 免费班车, 包吃, 零食下午茶, 补充医疗保险, 住房补贴, 五险一金,https://www.zhipin.com/job_detail/7797edb3a23a6fa703R439S0EVVX.html?securityId=_Zv5UzvnRdWql-O1HY6f84DsgRldURGWwjsADVTEE2KFeHJS2-RaflNFmjAJsYIPhPufjDPvvXsdS5qG14KJqOj3SkWBa9qZFaseRAAhmY8m-JoU5FG_
微信视频号直播带货安全系统开发工程师,50-80K·16薪,['C++', '架构设计经验'],本科,3-5年,腾讯,广州,尹先生,员工旅游, 交通补助, 免费健身房, 五险一金, 免费早晚餐, 节日福利, 年终奖, 股票期权, 包吃, 定期体检, 住房补贴, 免费班车, 公仔周边活动, 零食下午茶, 补充医疗保险, 带薪年假, 餐补,https://www.zhipin.com/job_detail/1bdbb97ef37d8bff1HZ93N-_FFRW.html?securityId=ToEYQz4J7SVlI-e1mL8NmS5dyh1aTb3Pi5eF-Oa7smh7OWdw-bFVHcYJU7O8v24EuvOjl-KTXkIa2EoN45BS1iinXw-Rj-OcuqDpwIslsC0mFzLi0Q~~
云解决方案架构师,60-90K·16薪,['负载均衡技术', '虚拟机技术', '容器技术', '大数据架构', '云计算架构'],本科,5-10年,腾讯,上海,金先生,公仔周边活动, 定期体检, 免费早晚餐, 股票期权, 包吃, 交通补助, 零食下午茶, 免费健身房, 员工旅游, 年终奖, 带薪年假, 住房补贴, 节日福利, 五险一金, 餐补, 免费班车, 补充医疗保险,https://www.zhipin.com/job_detail/f28291af991c523b1XZ83di8F1pY.html?securityId=eNSkMmHZ-Vgnn-p1ojgJYQ2F3WAnydhi9oOtwjRmm5jIyaM0jtD3jILwElLjfzrRhpgq8pENGlS8lwf25KvjKkPdiJ6kF5yJxYyfLHmuHWEseb2kEpQ~
《重返帝国》SLG资深玩法和系统策划,30-50K·15薪,['经济系统搭建', '职业系统设计', '装备系统设计', '平衡制定', 'SLG游戏'],本科,3-5年,腾讯,上海,曾先生,零食下午茶, 员工旅游, 定期体检, 年终奖, 股票期权, 免费健身房, 包吃, 免费班车, 节日福利, 交通补助, 五险一金, 住房补贴, 带薪年假, 免费早晚餐, 补充医疗保险, 餐补, 公仔周边活动,https://www.zhipin.com/job_detail/d44d50918123b39a03R_29i_GVpQ.html?securityId=x2tESPBPldlu8-m1rHB_INN9uySXgQWQac2YVB6eO5bt9q3K6gyLMJl1NO4ytsiIJ9p6dLkviqBjvH4uxe4gfe9eV1un2KH8UfldsoTxdg1xVkfOOAg~
高级嵌入式软件工程师,30-45K·14薪,['C', 'RTOS', 'STM32开发', '计算机相关专业', '嵌入式/单片机开发经验'],本科,5-10年,腾讯,深圳,朱先生,交通补助, 年终奖, 公仔周边活动, 免费健身房, 五险一金, 定期体检, 团建聚餐, 补充医疗保险, 免费班车, 员工旅游, 意外险, 节日福利, 有无线网, 带薪年假,https://www.zhipin.com/job_detail/dd56271b4f20b6781Xx73Nq-GVZR.html?securityId=SGBL6zbz-Ug5m-N1qed-KtoDrU5lr2xaTpjFhiaSgPdfpQCeK0k1OCFJ4KvnmjGulGxOhvGNFCJhJEbytiQuVoBJGwMK3cC9nOLr85ImjExz-TlkqaFFZdl51-dzEvKhI8j-RmJMYI6pFlpa
自然语言处理,250-350元/天,['自然语言处理项目经验'],硕士,,腾讯,深圳,刘先生,年终奖, 五险一金, 免费健身房, 交通补助, 节日福利, 带薪年假, 团建聚餐, 定期体检, 公仔周边活动, 免费班车, 补充医疗保险, 员工旅游, 有无线网, 意外险,https://www.zhipin.com/job_detail/5dc39c86a60a1ffb1XF_3tW6ElVX.html?securityId=RnZgaxmrE7qv6-w1npR-HI8uERJJc6AWAu74PzoGgBxGU1ousSpMeNAB6woBIyH_HoUr8krJcX-HZR3UWbJ8wuvTajjaQ6a6V1YIIGWLesb2
内容生态安全审核,5-6K,['接受夜班/倒班制', '不接受居家办公', '图片审核', '内容审核', '文本审核', '视频审核', '语音审核'],大专,经验不限,腾讯,重庆,徐女士,住房补贴, 免费班车, 员工旅游, 定期体检, 股票期权, 包吃, 年终奖, 带薪年假, 五险一金, 餐补, 补充医疗保险, 零食下午茶, 交通补助, 免费早晚餐, 公仔周边活动, 免费健身房, 节日福利,https://www.zhipin.com/job_detail/b7d9988291ef853903R93N2-GVpV.html?securityId=huNzOX5wbx_XM-M1AMGJd9gxVylCaW9YFwNhXnIbHO3p5ZINfBc5_Hr_Go2CvEVQ6gswdeQrVqztrjXGF0t0EAR3S-PXBq6YrEGI0hL6aACpdPvvWmRE
混元大模型算法工程师(北京）,50-80K·15薪,['深度学习', '大模型算法', '强化学习', '自然语言处理算法', 'C/C++', 'SFT', '基座', 'posttrain', 'PPO'],硕士,3-5年,腾讯,北京,郭先生,交通补助, 包吃, 免费健身房, 节日福利, 股票期权, 公仔周边活动, 五险一金, 免费班车, 年终奖, 零食下午茶, 住房补贴, 员工旅游, 定期体检, 餐补, 补充医疗保险, 带薪年假, 免费早晚餐,https://www.zhipin.com/job_detail/309b250d23f34d3503Zy0ti-GFRV.html?securityId=6dbIeImZhFU4f-O1Mpufu8GTrD8H-zSrz8X4MgXFe-9ioAFagiszGZG0zShR5sOwHCmL_yKGVNhaS_ymnMjDvIGhW1ngkhPX15UPTV5cdyjBGVzQTnhc
微信安全-大模型内容安全算法工程师(北京),65-95K·17薪,['深度学习', '图像算法', 'C/C++', '大模型安全'],硕士,3-5年,腾讯,北京,罗先生,免费健身房, 股票期权, 节日福利, 免费早晚餐, 公仔周边活动, 五险一金, 零食下午茶, 餐补, 补充医疗保险, 交通补助, 包吃, 带薪年假, 住房补贴, 年终奖, 员工旅游, 定期体检, 免费班车,https://www.zhipin.com/job_detail/da1f5b577504ff6a03Vz2t6_FlpU.html?securityId=4iS5zmMZZ0pc8-z1RBRAPSVSaBnp2hfNUUfJ8EHyeMuNRpIwU-HfoNnHOW8hA5LyM5a1Rfbru5x_c-hnEExYjCJIalMPMrKoApcdx32cfs74b3UrgHlpfH9XuD3IaCMdvwWTLaX_QlU1TxMYmRlyoy3c
云存储-研发高级工程师（云智）,14-24K·14薪,['C++', 'MySQL', 'Linux开发/部署经验'],本科,3-5年,腾讯,武汉,刘女士,员工旅游, 交通补助, 带薪年假, 餐补, 零食下午茶, 公仔周边活动, 五险一金, 节日福利, 免费班车, 免费早晚餐, 免费健身房, 住房补贴, 包吃, 股票期权, 定期体检, 年终奖, 补充医疗保险,https://www.zhipin.com/job_detail/a31c45731c25579a03d729i_F1dY.html?securityId=nOQX_v0qDzwyi-H1TklCqoBiF5prsK6u3lxUoQVbXUuJSlxnNIDKM6F7c40jXX2LSZzsFhRdoGKyfLlU5LpptWPDzzOaJQZ8oOhW4wXSTD1naAb3wW4~
3D场景（资产）《洛克王国》手游-腾娱,11-18K·14薪,['Q版', '二次元', '半写实', '动作冒险', '模拟经营', '3ds MAX', 'UE4', 'Maya', '模型制作', '关系场景', '动作场景', '渲染场景'],大专,3-5年,腾讯,深圳,陈女士,股票期权, 零食下午茶, 节日福利, 公仔周边活动, 年终奖, 免费健身房, 带薪年假, 免费班车, 定期体检, 交通补助, 五险一金, 餐补, 住房补贴, 免费早晚餐, 补充医疗保险, 包吃, 员工旅游,https://www.zhipin.com/job_detail/c6261e6b61ba4d031HFy3di1EltT.html?securityId=Bqh4AAECk4z5i-s1Idl5M5LltJnOAptj6R89kvxarS1DP-xn8tKlWoaPyfiAPACAy5HDicFOZ4tF71Flr8t2Abwi90IYPSYletc4uOV9xZBc_1NRiRvAk-9mhUoKhkF-smjfEkWMB-1H7jabXtfP2cg~
腾讯云计费平台高级后台开发工程师深圳java,30-55K·16薪,['Java', 'Golang', 'C++', '不接受居家办公', '云计算经验', '架构设计经验', '大数据经验'],本科,5-10年,腾讯,深圳,杨女士,年终奖, 节日福利, 免费健身房, 五险一金, 补充医疗保险, 餐补, 包吃, 零食下午茶, 住房补贴, 免费班车, 员工旅游, 免费早晚餐, 股票期权, 公仔周边活动, 定期体检, 带薪年假, 交通补助,https://www.zhipin.com/job_detail/b0bc3d3a45e5c8281HJ-2ty0GFdX.html?securityId=Bju4RJuJVkhIn-C1gYs209-oRt38p1oXjNvvPMjtwXZBNuUD2I2iOtuJ95GjiNBQQxr7xTNTFPtTh2M7V3Pa8cDpcTjiBHeBGarbEAMenrMJneZYI_Y~
PUBG Mobile- 3D角色（腾娱）,11-20K·14薪,['写实类', '第三人称', '第一人称', '3D低模', '次世代高模', '角色动作特效', 'RPG游戏', '射击游戏', '3ds MAX', 'ZBrush', 'PS', 'UE4', 'Maya', '3D模型', '外包管理'],大专,3-5年,腾讯,深圳,饶女士,免费班车, 免费健身房, 补充医疗保险, 带薪年假, 股票期权, 员工旅游, 五险一金, 餐补, 交通补助, 年终奖, 定期体检, 免费早晚餐, 节日福利, 零食下午茶, 公仔周边活动, 住房补贴, 包吃,https://www.zhipin.com/job_detail/f76930be45a470ea03Z40t29EFtT.html?securityId=VG2xxlGIae2uO-Z1Fa5fK3RPP77I3HpnG9erIIj6hy5DbBfVBAKJGScovc4ACxAmoXDt-oM2Roup89dxv5Ha1plUCYkLaUFdAKaDchYcgnrzg3Oehbw~
KF—HRBP（云智服）,8-11K,['HRBP经验', '百人团队BP经验'],本科,1-3年,腾讯,银川,许先生,免费班车, 节日福利, 餐补, 免费健身房, 员工旅游, 住房补贴, 补充医疗保险, 定期体检, 零食下午茶, 年终奖, 股票期权, 交通补助, 五险一金, 公仔周边活动, 带薪年假, 包吃, 免费早晚餐,https://www.zhipin.com/job_detail/61f6e592d94083a21HBy3961FVFT.html?securityId=d4zsD9Mqk8FuH-i17qaoG-qbtmnQBgKihAcWQQQU0tgJVyFckKKimzcB9L3edR2GpSfLIYHYv8_Ame4gTLxGgDfA9XTWPUuEuO7_40TOEuIR_LYu-tk~
AI产品经理（大模型应用）,15-20K·15薪,['C端产品', '语义类AI'],本科,在校/应届,腾讯,北京,卢先生,定期体检, 零食下午茶, 包吃, 节日福利, 带薪年假, 免费班车, 免费健身房, 餐补, 住房补贴, 五险一金, 补充医疗保险, 股票期权, 免费早晚餐, 员工旅游, 公仔周边活动, 交通补助, 年终奖,https://www.zhipin.com/job_detail/d9e82502a5c83f8503Vz2dm0EFZX.html?securityId=k1eSHMEiY76Dw-S1-ZgSxtas4megGjeDJ6vtZqJxCPzmlaxnqIjfuG-wSlm5qVVtizrHuXALdyC8_UHBu-Km2PoeNeS_ydBAGFqKycSrpsBobCOl
企业微信深度学习算法工程师-LLM方向,50-80K·17薪,['大模型算法', '自然语言处理算法', '搜索算法', '模型加速/性能优化', 'C/C++', 'Python', '算法工程化经验', '发表算法相关优秀论文', 'SFT', 'RLHF'],硕士,5-10年,腾讯,北京,郭先生,五险一金, 节日福利, 带薪年假, 免费早晚餐, 包吃, 餐补, 年终奖, 零食下午茶, 公仔周边活动, 员工旅游, 免费班车, 免费健身房, 定期体检, 股票期权, 住房补贴, 补充医疗保险, 交通补助,https://www.zhipin.com/job_detail/a4fb918fd7945b2603d829S_F1pV.html?securityId=1ZF5vmvjnTUq_-T1r8V6hQrAvKcTXrVXOB5wotuDXTACGBkRice-7P0mwpJOdl5pcP6kMtIDn-vNSpljC-lCdK5i0dtLC8EyIWEJ27lrlAVdLsp8iIHc
2D角色(腾娱)深圳-武汉,12-18K·14薪,['二次元', 'PS', 'SAI'],大专,1-3年,腾讯,武汉,陈女士,年终奖, 股票期权, 定期体检, 五险一金, 带薪年假, 免费早晚餐, 员工旅游, 交通补助, 免费健身房, 免费班车, 节日福利, 包吃, 零食下午茶, 住房补贴, 餐补, 补充医疗保险, 公仔周边活动,https://www.zhipin.com/job_detail/70d8133a2fd3434c03Z_3N28GFtR.html?securityId=4AuOiXuZiSk4t-51vUcqNcnrJKaGE3f1U9YCK5waVC3nqeX64-uW_V9MHmEviSzAKY1AQ6je8GWU2tZmm_zZAoZ967oRdhJyQRATDbQHeXDJnyYtxe0~
长沙-腾讯云CDN后台研发工程师（c++）,14-25K·14薪,['C++', 'MySQL', 'Linux开发/部署经验', 'CDN'],本科,1-3年,腾讯,长沙,苏女士,定期体检, 公仔周边活动, 补充医疗保险, 带薪年假, 节日福利, 免费班车, 免费早晚餐, 住房补贴, 餐补, 包吃, 零食下午茶, 员工旅游, 交通补助, 股票期权, 年终奖, 免费健身房, 五险一金,https://www.zhipin.com/job_detail/f79bc7bfdff5cf581HJ62tm0E1dU.html?securityId=uS01ptYipPExy-G1ASPdazrIxMzzpbI9bFVj7XQcJH0UaMmria0m6qnCjoE-irl7sQFGmUZzKvQZg_086JEg5xFLCDBG6CYhgn48XoqOGUW_50BzDLc~
2D角色原画（日韩二次元风格）-腾娱互动,11-22K·14薪,['二次元', '原画'],大专,经验不限,腾讯,深圳,李女士,带薪年假, 包吃, 住房补贴, 五险一金, 餐补, 定期体检, 股票期权, 公仔周边活动, 零食下午茶, 免费早晚餐, 免费健身房, 补充医疗保险, 员工旅游, 年终奖, 交通补助, 节日福利, 免费班车,https://www.zhipin.com/job_detail/ebc27a67a6f73f951H140tS0F1VU.html?securityId=kN3y7mRuYaDLs-j14vtYnDTCJpxKWx9kVzBTcQ3gMS9SMAhDVKZNxy0bGaPUYvwPoaycfironv7KUXjiYK9b8MdL-DAnNY7McQPTbRJcHN4ysI9ZvOK7
腾讯云-分布式技术开发,23-30K·14薪,['C++'],本科,5-10年,腾讯,西安,王女士,年终奖, 员工旅游, 补充医疗保险, 免费班车, 餐补, 带薪年假, 五险一金, 定期体检, 免费健身房, 股票期权, 包吃, 节日福利, 住房补贴, 零食下午茶, 交通补助, 免费早晚餐, 公仔周边活动,https://www.zhipin.com/job_detail/c5a8654cfa76217303Vy0929GFVU.html?securityId=sRtbZ1RjKt4JX-W1RGlJq6zKeCTaGKzUwsMao0kg39bqc_JRhmGc9NxOzPHFGs3RshHpsWq-8A5l5leAj0m3kZANBVuuae34Mf3FFHXC1gZrwREsDK0I
腾讯云泛互联网解决方案架构师（深/广）,30-60K·15薪,['售前技术支持经验', 'AI', '数据库', '售前架构'],本科,5-10年,腾讯,广州,李女士,定期体检, 包吃, 员工旅游, 餐补, 免费班车, 五险一金, 股票期权, 补充医疗保险, 免费健身房, 交通补助, 节日福利, 年终奖, 带薪年假, 零食下午茶, 公仔周边活动, 住房补贴, 免费早晚餐,https://www.zhipin.com/job_detail/b0132b9f346b24521HJy39q8EFJS.html?securityId=oG-H1kQo3fGhV-N1xphRmPiVtj1RSW7ZjxNOm8WKehmGpwV3IJ1SfVgF0Bux2ur8yzKexRReu9KO3BAzEMmtrK2rNIiCdc-wHY-RHT_i7UdhdUsl734~
腾讯云上海区域大客户销售,30-60K·16薪,['软件/信息化服务销售经验', 'B端市场开发经验', '软件/SaaS', '业务开拓能力'],本科,5-10年,腾讯,上海,余女士,定期体检, 公仔周边活动, 年终奖, 免费健身房, 餐补, 交通补助, 包吃, 补充医疗保险, 零食下午茶, 免费班车, 股票期权, 员工旅游, 五险一金, 节日福利, 免费早晚餐, 住房补贴, 带薪年假,https://www.zhipin.com/job_detail/59c27274f97c28581HF_39m-FFdV.html?securityId=VG8aOV39-qvHJ-R1yUOVG_Tiar_qkG9p8VrG2iyPesVJCbBtZ2AnKGe5d--Zww8ITjp8HmSKbbOLWmZKawmmUZyc2U4d0Y1oc13FAtyrw7V--HV9a_4~
全球化写实3A动作游戏-特效设计-深圳/上海,35-65K·15薪,[],本科,5-10年,腾讯,深圳,李女士,免费健身房, 免费早晚餐, 交通补助, 免费班车, 定期体检, 餐补, 员工旅游, 带薪年假, 包吃, 股票期权, 年终奖, 零食下午茶, 节日福利, 住房补贴, 补充医疗保险, 公仔周边活动, 五险一金,https://www.zhipin.com/job_detail/5d729d085f8650ca03V_3961GFJX.html?securityId=CEKPBA9BlSDdr-B1OaApcJFj8h6TIshcY8kTlWUaiv20d8wH1I1wEjlx6txtY7qHp6wg492zUB86HZPBtfgPK_NwZljmMOjFvboXYbZm15Oi9B4JCdIu
腾讯云网络高级后台开发工程师,30-60K,[],本科,5-10年,腾讯,杭州,孙女士,股票期权, 节日福利, 免费早晚餐, 带薪年假, 交通补助, 补充医疗保险, 员工旅游, 餐补, 免费健身房, 年终奖, 定期体检, 公仔周边活动, 五险一金, 零食下午茶, 住房补贴, 免费班车, 包吃,https://www.zhipin.com/job_detail/9cd19c89413019dd03d83ty_E1dT.html?securityId=SF4hPj9R-fiqv-51RmLJBTRETFs6H6wqklJ4ojkGgmxoOtDAGPp8U2KbT7kkrebtF0wjLxUPvRhnL8nJcCxrpZBIg7nk1oTRV4D914mZGIWibKvvyQ~~
腾讯深圳AI业务高级全栈开发工程师,35-65K·15薪,['node', '前后端', 'JavaScript/TypeScript', 'node.js', 'Node.js开发经验', '服务端开发经验', '前端', '全栈', 'Node.js', '后端', '前端开发经验'],本科,5-10年,腾讯,深圳,李女士,五险一金, 交通补助, 补充医疗保险, 股票期权, 年终奖, 定期体检, 住房补贴, 免费班车, 零食下午茶, 节日福利, 公仔周边活动, 带薪年假, 包吃, 餐补, 免费健身房, 员工旅游, 免费早晚餐,https://www.zhipin.com/job_detail/add370460f38f11303Z-09m_GVFU.html?securityId=Sqi4gdA2XQnOD-J1HukOUh0G5KRQns82GcLz26FdGJk-5lOtnFEod2y7KUwpRp7yz0EwuRfNJfDHT4Xn-vmLULrXwSmz1Lc2cIbWgvPy9Gvt1absTnc~
